phase	user	reply	failed	event	phase'	user'	reply'	failed'
idle	none	absent	0	submit	sending	sending	absent	0
idle	none	absent	0	delivered	idle	none	absent	0
idle	none	absent	0	cli:thinking	idle	none	absent	0
idle	none	absent	0	cli:text	idle	none	absent	0
idle	none	absent	0	cli:tool_start	idle	none	absent	0
idle	none	absent	0	cli:tool_end	idle	none	absent	0
idle	none	absent	0	cli:approval	idle	none	absent	0
idle	none	absent	0	cli:info	idle	none	absent	0
idle	none	absent	0	cli:error	idle	none	absent	0
idle	none	absent	0	cli:turn_end_ok	idle	none	absent	0
idle	none	absent	0	cli:turn_end_fail	idle	none	absent	0
idle	none	absent	0	finish:saved	idle	none	absent	0
idle	none	absent	0	finish:saved_failed	idle	none	absent	0
idle	none	absent	0	finish:unconfirmed	idle	none	absent	0
idle	none	absent	0	finish:discarded	idle	none	absent	0
idle	none	absent	1	submit	sending	sending	absent	0
idle	none	absent	1	delivered	idle	none	absent	1
idle	none	absent	1	cli:thinking	idle	none	absent	1
idle	none	absent	1	cli:text	idle	none	absent	1
idle	none	absent	1	cli:tool_start	idle	none	absent	1
idle	none	absent	1	cli:tool_end	idle	none	absent	1
idle	none	absent	1	cli:approval	idle	none	absent	1
idle	none	absent	1	cli:info	idle	none	absent	1
idle	none	absent	1	cli:error	idle	none	absent	1
idle	none	absent	1	cli:turn_end_ok	idle	none	absent	1
idle	none	absent	1	cli:turn_end_fail	idle	none	absent	1
idle	none	absent	1	finish:saved	idle	none	absent	1
idle	none	absent	1	finish:saved_failed	idle	none	absent	1
idle	none	absent	1	finish:unconfirmed	idle	none	absent	1
idle	none	absent	1	finish:discarded	idle	none	absent	1
idle	none	done	0	submit	sending	sending	absent	0
idle	none	done	0	delivered	idle	none	done	0
idle	none	done	0	cli:thinking	idle	none	done	0
idle	none	done	0	cli:text	idle	none	done	0
idle	none	done	0	cli:tool_start	idle	none	done	0
idle	none	done	0	cli:tool_end	idle	none	done	0
idle	none	done	0	cli:approval	idle	none	done	0
idle	none	done	0	cli:info	idle	none	done	0
idle	none	done	0	cli:error	idle	none	done	0
idle	none	done	0	cli:turn_end_ok	idle	none	done	0
idle	none	done	0	cli:turn_end_fail	idle	none	done	0
idle	none	done	0	finish:saved	idle	none	done	0
idle	none	done	0	finish:saved_failed	idle	none	done	0
idle	none	done	0	finish:unconfirmed	idle	none	done	0
idle	none	done	0	finish:discarded	idle	none	done	0
idle	none	done	1	submit	sending	sending	absent	0
idle	none	done	1	delivered	idle	none	done	1
idle	none	done	1	cli:thinking	idle	none	done	1
idle	none	done	1	cli:text	idle	none	done	1
idle	none	done	1	cli:tool_start	idle	none	done	1
idle	none	done	1	cli:tool_end	idle	none	done	1
idle	none	done	1	cli:approval	idle	none	done	1
idle	none	done	1	cli:info	idle	none	done	1
idle	none	done	1	cli:error	idle	none	done	1
idle	none	done	1	cli:turn_end_ok	idle	none	done	1
idle	none	done	1	cli:turn_end_fail	idle	none	done	1
idle	none	done	1	finish:saved	idle	none	done	1
idle	none	done	1	finish:saved_failed	idle	none	done	1
idle	none	done	1	finish:unconfirmed	idle	none	done	1
idle	none	done	1	finish:discarded	idle	none	done	1
idle	none	stopped	0	submit	sending	sending	absent	0
idle	none	stopped	0	delivered	idle	none	stopped	0
idle	none	stopped	0	cli:thinking	idle	none	stopped	0
idle	none	stopped	0	cli:text	idle	none	stopped	0
idle	none	stopped	0	cli:tool_start	idle	none	stopped	0
idle	none	stopped	0	cli:tool_end	idle	none	stopped	0
idle	none	stopped	0	cli:approval	idle	none	stopped	0
idle	none	stopped	0	cli:info	idle	none	stopped	0
idle	none	stopped	0	cli:error	idle	none	stopped	0
idle	none	stopped	0	cli:turn_end_ok	idle	none	stopped	0
idle	none	stopped	0	cli:turn_end_fail	idle	none	stopped	0
idle	none	stopped	0	finish:saved	idle	none	stopped	0
idle	none	stopped	0	finish:saved_failed	idle	none	stopped	0
idle	none	stopped	0	finish:unconfirmed	idle	none	stopped	0
idle	none	stopped	0	finish:discarded	idle	none	stopped	0
idle	none	stopped	1	submit	sending	sending	absent	0
idle	none	stopped	1	delivered	idle	none	stopped	1
idle	none	stopped	1	cli:thinking	idle	none	stopped	1
idle	none	stopped	1	cli:text	idle	none	stopped	1
idle	none	stopped	1	cli:tool_start	idle	none	stopped	1
idle	none	stopped	1	cli:tool_end	idle	none	stopped	1
idle	none	stopped	1	cli:approval	idle	none	stopped	1
idle	none	stopped	1	cli:info	idle	none	stopped	1
idle	none	stopped	1	cli:error	idle	none	stopped	1
idle	none	stopped	1	cli:turn_end_ok	idle	none	stopped	1
idle	none	stopped	1	cli:turn_end_fail	idle	none	stopped	1
idle	none	stopped	1	finish:saved	idle	none	stopped	1
idle	none	stopped	1	finish:saved_failed	idle	none	stopped	1
idle	none	stopped	1	finish:unconfirmed	idle	none	stopped	1
idle	none	stopped	1	finish:discarded	idle	none	stopped	1
idle	none	incomplete	0	submit	sending	sending	absent	0
idle	none	incomplete	0	delivered	idle	none	incomplete	0
idle	none	incomplete	0	cli:thinking	idle	none	incomplete	0
idle	none	incomplete	0	cli:text	idle	none	incomplete	0
idle	none	incomplete	0	cli:tool_start	idle	none	incomplete	0
idle	none	incomplete	0	cli:tool_end	idle	none	incomplete	0
idle	none	incomplete	0	cli:approval	idle	none	incomplete	0
idle	none	incomplete	0	cli:info	idle	none	incomplete	0
idle	none	incomplete	0	cli:error	idle	none	incomplete	0
idle	none	incomplete	0	cli:turn_end_ok	idle	none	incomplete	0
idle	none	incomplete	0	cli:turn_end_fail	idle	none	incomplete	0
idle	none	incomplete	0	finish:saved	idle	none	incomplete	0
idle	none	incomplete	0	finish:saved_failed	idle	none	incomplete	0
idle	none	incomplete	0	finish:unconfirmed	idle	none	incomplete	0
idle	none	incomplete	0	finish:discarded	idle	none	incomplete	0
idle	none	incomplete	1	submit	sending	sending	absent	0
idle	none	incomplete	1	delivered	idle	none	incomplete	1
idle	none	incomplete	1	cli:thinking	idle	none	incomplete	1
idle	none	incomplete	1	cli:text	idle	none	incomplete	1
idle	none	incomplete	1	cli:tool_start	idle	none	incomplete	1
idle	none	incomplete	1	cli:tool_end	idle	none	incomplete	1
idle	none	incomplete	1	cli:approval	idle	none	incomplete	1
idle	none	incomplete	1	cli:info	idle	none	incomplete	1
idle	none	incomplete	1	cli:error	idle	none	incomplete	1
idle	none	incomplete	1	cli:turn_end_ok	idle	none	incomplete	1
idle	none	incomplete	1	cli:turn_end_fail	idle	none	incomplete	1
idle	none	incomplete	1	finish:saved	idle	none	incomplete	1
idle	none	incomplete	1	finish:saved_failed	idle	none	incomplete	1
idle	none	incomplete	1	finish:unconfirmed	idle	none	incomplete	1
idle	none	incomplete	1	finish:discarded	idle	none	incomplete	1
idle	saved	absent	0	submit	sending	sending	absent	0
idle	saved	absent	0	delivered	idle	saved	absent	0
idle	saved	absent	0	cli:thinking	idle	saved	absent	0
idle	saved	absent	0	cli:text	idle	saved	absent	0
idle	saved	absent	0	cli:tool_start	idle	saved	absent	0
idle	saved	absent	0	cli:tool_end	idle	saved	absent	0
idle	saved	absent	0	cli:approval	idle	saved	absent	0
idle	saved	absent	0	cli:info	idle	saved	absent	0
idle	saved	absent	0	cli:error	idle	saved	absent	0
idle	saved	absent	0	cli:turn_end_ok	idle	saved	absent	0
idle	saved	absent	0	cli:turn_end_fail	idle	saved	absent	0
idle	saved	absent	0	finish:saved	idle	saved	absent	0
idle	saved	absent	0	finish:saved_failed	idle	saved	absent	0
idle	saved	absent	0	finish:unconfirmed	idle	saved	absent	0
idle	saved	absent	0	finish:discarded	idle	saved	absent	0
idle	saved	absent	1	submit	sending	sending	absent	0
idle	saved	absent	1	delivered	idle	saved	absent	1
idle	saved	absent	1	cli:thinking	idle	saved	absent	1
idle	saved	absent	1	cli:text	idle	saved	absent	1
idle	saved	absent	1	cli:tool_start	idle	saved	absent	1
idle	saved	absent	1	cli:tool_end	idle	saved	absent	1
idle	saved	absent	1	cli:approval	idle	saved	absent	1
idle	saved	absent	1	cli:info	idle	saved	absent	1
idle	saved	absent	1	cli:error	idle	saved	absent	1
idle	saved	absent	1	cli:turn_end_ok	idle	saved	absent	1
idle	saved	absent	1	cli:turn_end_fail	idle	saved	absent	1
idle	saved	absent	1	finish:saved	idle	saved	absent	1
idle	saved	absent	1	finish:saved_failed	idle	saved	absent	1
idle	saved	absent	1	finish:unconfirmed	idle	saved	absent	1
idle	saved	absent	1	finish:discarded	idle	saved	absent	1
idle	saved	done	0	submit	sending	sending	absent	0
idle	saved	done	0	delivered	idle	saved	done	0
idle	saved	done	0	cli:thinking	idle	saved	done	0
idle	saved	done	0	cli:text	idle	saved	done	0
idle	saved	done	0	cli:tool_start	idle	saved	done	0
idle	saved	done	0	cli:tool_end	idle	saved	done	0
idle	saved	done	0	cli:approval	idle	saved	done	0
idle	saved	done	0	cli:info	idle	saved	done	0
idle	saved	done	0	cli:error	idle	saved	done	0
idle	saved	done	0	cli:turn_end_ok	idle	saved	done	0
idle	saved	done	0	cli:turn_end_fail	idle	saved	done	0
idle	saved	done	0	finish:saved	idle	saved	done	0
idle	saved	done	0	finish:saved_failed	idle	saved	done	0
idle	saved	done	0	finish:unconfirmed	idle	saved	done	0
idle	saved	done	0	finish:discarded	idle	saved	done	0
idle	saved	done	1	submit	sending	sending	absent	0
idle	saved	done	1	delivered	idle	saved	done	1
idle	saved	done	1	cli:thinking	idle	saved	done	1
idle	saved	done	1	cli:text	idle	saved	done	1
idle	saved	done	1	cli:tool_start	idle	saved	done	1
idle	saved	done	1	cli:tool_end	idle	saved	done	1
idle	saved	done	1	cli:approval	idle	saved	done	1
idle	saved	done	1	cli:info	idle	saved	done	1
idle	saved	done	1	cli:error	idle	saved	done	1
idle	saved	done	1	cli:turn_end_ok	idle	saved	done	1
idle	saved	done	1	cli:turn_end_fail	idle	saved	done	1
idle	saved	done	1	finish:saved	idle	saved	done	1
idle	saved	done	1	finish:saved_failed	idle	saved	done	1
idle	saved	done	1	finish:unconfirmed	idle	saved	done	1
idle	saved	done	1	finish:discarded	idle	saved	done	1
idle	saved	stopped	0	submit	sending	sending	absent	0
idle	saved	stopped	0	delivered	idle	saved	stopped	0
idle	saved	stopped	0	cli:thinking	idle	saved	stopped	0
idle	saved	stopped	0	cli:text	idle	saved	stopped	0
idle	saved	stopped	0	cli:tool_start	idle	saved	stopped	0
idle	saved	stopped	0	cli:tool_end	idle	saved	stopped	0
idle	saved	stopped	0	cli:approval	idle	saved	stopped	0
idle	saved	stopped	0	cli:info	idle	saved	stopped	0
idle	saved	stopped	0	cli:error	idle	saved	stopped	0
idle	saved	stopped	0	cli:turn_end_ok	idle	saved	stopped	0
idle	saved	stopped	0	cli:turn_end_fail	idle	saved	stopped	0
idle	saved	stopped	0	finish:saved	idle	saved	stopped	0
idle	saved	stopped	0	finish:saved_failed	idle	saved	stopped	0
idle	saved	stopped	0	finish:unconfirmed	idle	saved	stopped	0
idle	saved	stopped	0	finish:discarded	idle	saved	stopped	0
idle	saved	stopped	1	submit	sending	sending	absent	0
idle	saved	stopped	1	delivered	idle	saved	stopped	1
idle	saved	stopped	1	cli:thinking	idle	saved	stopped	1
idle	saved	stopped	1	cli:text	idle	saved	stopped	1
idle	saved	stopped	1	cli:tool_start	idle	saved	stopped	1
idle	saved	stopped	1	cli:tool_end	idle	saved	stopped	1
idle	saved	stopped	1	cli:approval	idle	saved	stopped	1
idle	saved	stopped	1	cli:info	idle	saved	stopped	1
idle	saved	stopped	1	cli:error	idle	saved	stopped	1
idle	saved	stopped	1	cli:turn_end_ok	idle	saved	stopped	1
idle	saved	stopped	1	cli:turn_end_fail	idle	saved	stopped	1
idle	saved	stopped	1	finish:saved	idle	saved	stopped	1
idle	saved	stopped	1	finish:saved_failed	idle	saved	stopped	1
idle	saved	stopped	1	finish:unconfirmed	idle	saved	stopped	1
idle	saved	stopped	1	finish:discarded	idle	saved	stopped	1
idle	saved	incomplete	0	submit	sending	sending	absent	0
idle	saved	incomplete	0	delivered	idle	saved	incomplete	0
idle	saved	incomplete	0	cli:thinking	idle	saved	incomplete	0
idle	saved	incomplete	0	cli:text	idle	saved	incomplete	0
idle	saved	incomplete	0	cli:tool_start	idle	saved	incomplete	0
idle	saved	incomplete	0	cli:tool_end	idle	saved	incomplete	0
idle	saved	incomplete	0	cli:approval	idle	saved	incomplete	0
idle	saved	incomplete	0	cli:info	idle	saved	incomplete	0
idle	saved	incomplete	0	cli:error	idle	saved	incomplete	0
idle	saved	incomplete	0	cli:turn_end_ok	idle	saved	incomplete	0
idle	saved	incomplete	0	cli:turn_end_fail	idle	saved	incomplete	0
idle	saved	incomplete	0	finish:saved	idle	saved	incomplete	0
idle	saved	incomplete	0	finish:saved_failed	idle	saved	incomplete	0
idle	saved	incomplete	0	finish:unconfirmed	idle	saved	incomplete	0
idle	saved	incomplete	0	finish:discarded	idle	saved	incomplete	0
idle	saved	incomplete	1	submit	sending	sending	absent	0
idle	saved	incomplete	1	delivered	idle	saved	incomplete	1
idle	saved	incomplete	1	cli:thinking	idle	saved	incomplete	1
idle	saved	incomplete	1	cli:text	idle	saved	incomplete	1
idle	saved	incomplete	1	cli:tool_start	idle	saved	incomplete	1
idle	saved	incomplete	1	cli:tool_end	idle	saved	incomplete	1
idle	saved	incomplete	1	cli:approval	idle	saved	incomplete	1
idle	saved	incomplete	1	cli:info	idle	saved	incomplete	1
idle	saved	incomplete	1	cli:error	idle	saved	incomplete	1
idle	saved	incomplete	1	cli:turn_end_ok	idle	saved	incomplete	1
idle	saved	incomplete	1	cli:turn_end_fail	idle	saved	incomplete	1
idle	saved	incomplete	1	finish:saved	idle	saved	incomplete	1
idle	saved	incomplete	1	finish:saved_failed	idle	saved	incomplete	1
idle	saved	incomplete	1	finish:unconfirmed	idle	saved	incomplete	1
idle	saved	incomplete	1	finish:discarded	idle	saved	incomplete	1
idle	unconfirmed	absent	0	submit	sending	sending	absent	0
idle	unconfirmed	absent	0	delivered	idle	unconfirmed	absent	0
idle	unconfirmed	absent	0	cli:thinking	idle	unconfirmed	absent	0
idle	unconfirmed	absent	0	cli:text	idle	unconfirmed	absent	0
idle	unconfirmed	absent	0	cli:tool_start	idle	unconfirmed	absent	0
idle	unconfirmed	absent	0	cli:tool_end	idle	unconfirmed	absent	0
idle	unconfirmed	absent	0	cli:approval	idle	unconfirmed	absent	0
idle	unconfirmed	absent	0	cli:info	idle	unconfirmed	absent	0
idle	unconfirmed	absent	0	cli:error	idle	unconfirmed	absent	0
idle	unconfirmed	absent	0	cli:turn_end_ok	idle	unconfirmed	absent	0
idle	unconfirmed	absent	0	cli:turn_end_fail	idle	unconfirmed	absent	0
idle	unconfirmed	absent	0	finish:saved	idle	unconfirmed	absent	0
idle	unconfirmed	absent	0	finish:saved_failed	idle	unconfirmed	absent	0
idle	unconfirmed	absent	0	finish:unconfirmed	idle	unconfirmed	absent	0
idle	unconfirmed	absent	0	finish:discarded	idle	unconfirmed	absent	0
idle	unconfirmed	absent	1	submit	sending	sending	absent	0
idle	unconfirmed	absent	1	delivered	idle	unconfirmed	absent	1
idle	unconfirmed	absent	1	cli:thinking	idle	unconfirmed	absent	1
idle	unconfirmed	absent	1	cli:text	idle	unconfirmed	absent	1
idle	unconfirmed	absent	1	cli:tool_start	idle	unconfirmed	absent	1
idle	unconfirmed	absent	1	cli:tool_end	idle	unconfirmed	absent	1
idle	unconfirmed	absent	1	cli:approval	idle	unconfirmed	absent	1
idle	unconfirmed	absent	1	cli:info	idle	unconfirmed	absent	1
idle	unconfirmed	absent	1	cli:error	idle	unconfirmed	absent	1
idle	unconfirmed	absent	1	cli:turn_end_ok	idle	unconfirmed	absent	1
idle	unconfirmed	absent	1	cli:turn_end_fail	idle	unconfirmed	absent	1
idle	unconfirmed	absent	1	finish:saved	idle	unconfirmed	absent	1
idle	unconfirmed	absent	1	finish:saved_failed	idle	unconfirmed	absent	1
idle	unconfirmed	absent	1	finish:unconfirmed	idle	unconfirmed	absent	1
idle	unconfirmed	absent	1	finish:discarded	idle	unconfirmed	absent	1
idle	unconfirmed	done	0	submit	sending	sending	absent	0
idle	unconfirmed	done	0	delivered	idle	unconfirmed	done	0
idle	unconfirmed	done	0	cli:thinking	idle	unconfirmed	done	0
idle	unconfirmed	done	0	cli:text	idle	unconfirmed	done	0
idle	unconfirmed	done	0	cli:tool_start	idle	unconfirmed	done	0
idle	unconfirmed	done	0	cli:tool_end	idle	unconfirmed	done	0
idle	unconfirmed	done	0	cli:approval	idle	unconfirmed	done	0
idle	unconfirmed	done	0	cli:info	idle	unconfirmed	done	0
idle	unconfirmed	done	0	cli:error	idle	unconfirmed	done	0
idle	unconfirmed	done	0	cli:turn_end_ok	idle	unconfirmed	done	0
idle	unconfirmed	done	0	cli:turn_end_fail	idle	unconfirmed	done	0
idle	unconfirmed	done	0	finish:saved	idle	unconfirmed	done	0
idle	unconfirmed	done	0	finish:saved_failed	idle	unconfirmed	done	0
idle	unconfirmed	done	0	finish:unconfirmed	idle	unconfirmed	done	0
idle	unconfirmed	done	0	finish:discarded	idle	unconfirmed	done	0
idle	unconfirmed	done	1	submit	sending	sending	absent	0
idle	unconfirmed	done	1	delivered	idle	unconfirmed	done	1
idle	unconfirmed	done	1	cli:thinking	idle	unconfirmed	done	1
idle	unconfirmed	done	1	cli:text	idle	unconfirmed	done	1
idle	unconfirmed	done	1	cli:tool_start	idle	unconfirmed	done	1
idle	unconfirmed	done	1	cli:tool_end	idle	unconfirmed	done	1
idle	unconfirmed	done	1	cli:approval	idle	unconfirmed	done	1
idle	unconfirmed	done	1	cli:info	idle	unconfirmed	done	1
idle	unconfirmed	done	1	cli:error	idle	unconfirmed	done	1
idle	unconfirmed	done	1	cli:turn_end_ok	idle	unconfirmed	done	1
idle	unconfirmed	done	1	cli:turn_end_fail	idle	unconfirmed	done	1
idle	unconfirmed	done	1	finish:saved	idle	unconfirmed	done	1
idle	unconfirmed	done	1	finish:saved_failed	idle	unconfirmed	done	1
idle	unconfirmed	done	1	finish:unconfirmed	idle	unconfirmed	done	1
idle	unconfirmed	done	1	finish:discarded	idle	unconfirmed	done	1
idle	unconfirmed	stopped	0	submit	sending	sending	absent	0
idle	unconfirmed	stopped	0	delivered	idle	unconfirmed	stopped	0
idle	unconfirmed	stopped	0	cli:thinking	idle	unconfirmed	stopped	0
idle	unconfirmed	stopped	0	cli:text	idle	unconfirmed	stopped	0
idle	unconfirmed	stopped	0	cli:tool_start	idle	unconfirmed	stopped	0
idle	unconfirmed	stopped	0	cli:tool_end	idle	unconfirmed	stopped	0
idle	unconfirmed	stopped	0	cli:approval	idle	unconfirmed	stopped	0
idle	unconfirmed	stopped	0	cli:info	idle	unconfirmed	stopped	0
idle	unconfirmed	stopped	0	cli:error	idle	unconfirmed	stopped	0
idle	unconfirmed	stopped	0	cli:turn_end_ok	idle	unconfirmed	stopped	0
idle	unconfirmed	stopped	0	cli:turn_end_fail	idle	unconfirmed	stopped	0
idle	unconfirmed	stopped	0	finish:saved	idle	unconfirmed	stopped	0
idle	unconfirmed	stopped	0	finish:saved_failed	idle	unconfirmed	stopped	0
idle	unconfirmed	stopped	0	finish:unconfirmed	idle	unconfirmed	stopped	0
idle	unconfirmed	stopped	0	finish:discarded	idle	unconfirmed	stopped	0
idle	unconfirmed	stopped	1	submit	sending	sending	absent	0
idle	unconfirmed	stopped	1	delivered	idle	unconfirmed	stopped	1
idle	unconfirmed	stopped	1	cli:thinking	idle	unconfirmed	stopped	1
idle	unconfirmed	stopped	1	cli:text	idle	unconfirmed	stopped	1
idle	unconfirmed	stopped	1	cli:tool_start	idle	unconfirmed	stopped	1
idle	unconfirmed	stopped	1	cli:tool_end	idle	unconfirmed	stopped	1
idle	unconfirmed	stopped	1	cli:approval	idle	unconfirmed	stopped	1
idle	unconfirmed	stopped	1	cli:info	idle	unconfirmed	stopped	1
idle	unconfirmed	stopped	1	cli:error	idle	unconfirmed	stopped	1
idle	unconfirmed	stopped	1	cli:turn_end_ok	idle	unconfirmed	stopped	1
idle	unconfirmed	stopped	1	cli:turn_end_fail	idle	unconfirmed	stopped	1
idle	unconfirmed	stopped	1	finish:saved	idle	unconfirmed	stopped	1
idle	unconfirmed	stopped	1	finish:saved_failed	idle	unconfirmed	stopped	1
idle	unconfirmed	stopped	1	finish:unconfirmed	idle	unconfirmed	stopped	1
idle	unconfirmed	stopped	1	finish:discarded	idle	unconfirmed	stopped	1
idle	unconfirmed	incomplete	0	submit	sending	sending	absent	0
idle	unconfirmed	incomplete	0	delivered	idle	unconfirmed	incomplete	0
idle	unconfirmed	incomplete	0	cli:thinking	idle	unconfirmed	incomplete	0
idle	unconfirmed	incomplete	0	cli:text	idle	unconfirmed	incomplete	0
idle	unconfirmed	incomplete	0	cli:tool_start	idle	unconfirmed	incomplete	0
idle	unconfirmed	incomplete	0	cli:tool_end	idle	unconfirmed	incomplete	0
idle	unconfirmed	incomplete	0	cli:approval	idle	unconfirmed	incomplete	0
idle	unconfirmed	incomplete	0	cli:info	idle	unconfirmed	incomplete	0
idle	unconfirmed	incomplete	0	cli:error	idle	unconfirmed	incomplete	0
idle	unconfirmed	incomplete	0	cli:turn_end_ok	idle	unconfirmed	incomplete	0
idle	unconfirmed	incomplete	0	cli:turn_end_fail	idle	unconfirmed	incomplete	0
idle	unconfirmed	incomplete	0	finish:saved	idle	unconfirmed	incomplete	0
idle	unconfirmed	incomplete	0	finish:saved_failed	idle	unconfirmed	incomplete	0
idle	unconfirmed	incomplete	0	finish:unconfirmed	idle	unconfirmed	incomplete	0
idle	unconfirmed	incomplete	0	finish:discarded	idle	unconfirmed	incomplete	0
idle	unconfirmed	incomplete	1	submit	sending	sending	absent	0
idle	unconfirmed	incomplete	1	delivered	idle	unconfirmed	incomplete	1
idle	unconfirmed	incomplete	1	cli:thinking	idle	unconfirmed	incomplete	1
idle	unconfirmed	incomplete	1	cli:text	idle	unconfirmed	incomplete	1
idle	unconfirmed	incomplete	1	cli:tool_start	idle	unconfirmed	incomplete	1
idle	unconfirmed	incomplete	1	cli:tool_end	idle	unconfirmed	incomplete	1
idle	unconfirmed	incomplete	1	cli:approval	idle	unconfirmed	incomplete	1
idle	unconfirmed	incomplete	1	cli:info	idle	unconfirmed	incomplete	1
idle	unconfirmed	incomplete	1	cli:error	idle	unconfirmed	incomplete	1
idle	unconfirmed	incomplete	1	cli:turn_end_ok	idle	unconfirmed	incomplete	1
idle	unconfirmed	incomplete	1	cli:turn_end_fail	idle	unconfirmed	incomplete	1
idle	unconfirmed	incomplete	1	finish:saved	idle	unconfirmed	incomplete	1
idle	unconfirmed	incomplete	1	finish:saved_failed	idle	unconfirmed	incomplete	1
idle	unconfirmed	incomplete	1	finish:unconfirmed	idle	unconfirmed	incomplete	1
idle	unconfirmed	incomplete	1	finish:discarded	idle	unconfirmed	incomplete	1
idle	discarded	absent	0	submit	sending	sending	absent	0
idle	discarded	absent	0	delivered	idle	discarded	absent	0
idle	discarded	absent	0	cli:thinking	idle	discarded	absent	0
idle	discarded	absent	0	cli:text	idle	discarded	absent	0
idle	discarded	absent	0	cli:tool_start	idle	discarded	absent	0
idle	discarded	absent	0	cli:tool_end	idle	discarded	absent	0
idle	discarded	absent	0	cli:approval	idle	discarded	absent	0
idle	discarded	absent	0	cli:info	idle	discarded	absent	0
idle	discarded	absent	0	cli:error	idle	discarded	absent	0
idle	discarded	absent	0	cli:turn_end_ok	idle	discarded	absent	0
idle	discarded	absent	0	cli:turn_end_fail	idle	discarded	absent	0
idle	discarded	absent	0	finish:saved	idle	discarded	absent	0
idle	discarded	absent	0	finish:saved_failed	idle	discarded	absent	0
idle	discarded	absent	0	finish:unconfirmed	idle	discarded	absent	0
idle	discarded	absent	0	finish:discarded	idle	discarded	absent	0
idle	discarded	absent	1	submit	sending	sending	absent	0
idle	discarded	absent	1	delivered	idle	discarded	absent	1
idle	discarded	absent	1	cli:thinking	idle	discarded	absent	1
idle	discarded	absent	1	cli:text	idle	discarded	absent	1
idle	discarded	absent	1	cli:tool_start	idle	discarded	absent	1
idle	discarded	absent	1	cli:tool_end	idle	discarded	absent	1
idle	discarded	absent	1	cli:approval	idle	discarded	absent	1
idle	discarded	absent	1	cli:info	idle	discarded	absent	1
idle	discarded	absent	1	cli:error	idle	discarded	absent	1
idle	discarded	absent	1	cli:turn_end_ok	idle	discarded	absent	1
idle	discarded	absent	1	cli:turn_end_fail	idle	discarded	absent	1
idle	discarded	absent	1	finish:saved	idle	discarded	absent	1
idle	discarded	absent	1	finish:saved_failed	idle	discarded	absent	1
idle	discarded	absent	1	finish:unconfirmed	idle	discarded	absent	1
idle	discarded	absent	1	finish:discarded	idle	discarded	absent	1
idle	discarded	done	0	submit	sending	sending	absent	0
idle	discarded	done	0	delivered	idle	discarded	done	0
idle	discarded	done	0	cli:thinking	idle	discarded	done	0
idle	discarded	done	0	cli:text	idle	discarded	done	0
idle	discarded	done	0	cli:tool_start	idle	discarded	done	0
idle	discarded	done	0	cli:tool_end	idle	discarded	done	0
idle	discarded	done	0	cli:approval	idle	discarded	done	0
idle	discarded	done	0	cli:info	idle	discarded	done	0
idle	discarded	done	0	cli:error	idle	discarded	done	0
idle	discarded	done	0	cli:turn_end_ok	idle	discarded	done	0
idle	discarded	done	0	cli:turn_end_fail	idle	discarded	done	0
idle	discarded	done	0	finish:saved	idle	discarded	done	0
idle	discarded	done	0	finish:saved_failed	idle	discarded	done	0
idle	discarded	done	0	finish:unconfirmed	idle	discarded	done	0
idle	discarded	done	0	finish:discarded	idle	discarded	done	0
idle	discarded	done	1	submit	sending	sending	absent	0
idle	discarded	done	1	delivered	idle	discarded	done	1
idle	discarded	done	1	cli:thinking	idle	discarded	done	1
idle	discarded	done	1	cli:text	idle	discarded	done	1
idle	discarded	done	1	cli:tool_start	idle	discarded	done	1
idle	discarded	done	1	cli:tool_end	idle	discarded	done	1
idle	discarded	done	1	cli:approval	idle	discarded	done	1
idle	discarded	done	1	cli:info	idle	discarded	done	1
idle	discarded	done	1	cli:error	idle	discarded	done	1
idle	discarded	done	1	cli:turn_end_ok	idle	discarded	done	1
idle	discarded	done	1	cli:turn_end_fail	idle	discarded	done	1
idle	discarded	done	1	finish:saved	idle	discarded	done	1
idle	discarded	done	1	finish:saved_failed	idle	discarded	done	1
idle	discarded	done	1	finish:unconfirmed	idle	discarded	done	1
idle	discarded	done	1	finish:discarded	idle	discarded	done	1
idle	discarded	stopped	0	submit	sending	sending	absent	0
idle	discarded	stopped	0	delivered	idle	discarded	stopped	0
idle	discarded	stopped	0	cli:thinking	idle	discarded	stopped	0
idle	discarded	stopped	0	cli:text	idle	discarded	stopped	0
idle	discarded	stopped	0	cli:tool_start	idle	discarded	stopped	0
idle	discarded	stopped	0	cli:tool_end	idle	discarded	stopped	0
idle	discarded	stopped	0	cli:approval	idle	discarded	stopped	0
idle	discarded	stopped	0	cli:info	idle	discarded	stopped	0
idle	discarded	stopped	0	cli:error	idle	discarded	stopped	0
idle	discarded	stopped	0	cli:turn_end_ok	idle	discarded	stopped	0
idle	discarded	stopped	0	cli:turn_end_fail	idle	discarded	stopped	0
idle	discarded	stopped	0	finish:saved	idle	discarded	stopped	0
idle	discarded	stopped	0	finish:saved_failed	idle	discarded	stopped	0
idle	discarded	stopped	0	finish:unconfirmed	idle	discarded	stopped	0
idle	discarded	stopped	0	finish:discarded	idle	discarded	stopped	0
idle	discarded	stopped	1	submit	sending	sending	absent	0
idle	discarded	stopped	1	delivered	idle	discarded	stopped	1
idle	discarded	stopped	1	cli:thinking	idle	discarded	stopped	1
idle	discarded	stopped	1	cli:text	idle	discarded	stopped	1
idle	discarded	stopped	1	cli:tool_start	idle	discarded	stopped	1
idle	discarded	stopped	1	cli:tool_end	idle	discarded	stopped	1
idle	discarded	stopped	1	cli:approval	idle	discarded	stopped	1
idle	discarded	stopped	1	cli:info	idle	discarded	stopped	1
idle	discarded	stopped	1	cli:error	idle	discarded	stopped	1
idle	discarded	stopped	1	cli:turn_end_ok	idle	discarded	stopped	1
idle	discarded	stopped	1	cli:turn_end_fail	idle	discarded	stopped	1
idle	discarded	stopped	1	finish:saved	idle	discarded	stopped	1
idle	discarded	stopped	1	finish:saved_failed	idle	discarded	stopped	1
idle	discarded	stopped	1	finish:unconfirmed	idle	discarded	stopped	1
idle	discarded	stopped	1	finish:discarded	idle	discarded	stopped	1
idle	discarded	incomplete	0	submit	sending	sending	absent	0
idle	discarded	incomplete	0	delivered	idle	discarded	incomplete	0
idle	discarded	incomplete	0	cli:thinking	idle	discarded	incomplete	0
idle	discarded	incomplete	0	cli:text	idle	discarded	incomplete	0
idle	discarded	incomplete	0	cli:tool_start	idle	discarded	incomplete	0
idle	discarded	incomplete	0	cli:tool_end	idle	discarded	incomplete	0
idle	discarded	incomplete	0	cli:approval	idle	discarded	incomplete	0
idle	discarded	incomplete	0	cli:info	idle	discarded	incomplete	0
idle	discarded	incomplete	0	cli:error	idle	discarded	incomplete	0
idle	discarded	incomplete	0	cli:turn_end_ok	idle	discarded	incomplete	0
idle	discarded	incomplete	0	cli:turn_end_fail	idle	discarded	incomplete	0
idle	discarded	incomplete	0	finish:saved	idle	discarded	incomplete	0
idle	discarded	incomplete	0	finish:saved_failed	idle	discarded	incomplete	0
idle	discarded	incomplete	0	finish:unconfirmed	idle	discarded	incomplete	0
idle	discarded	incomplete	0	finish:discarded	idle	discarded	incomplete	0
idle	discarded	incomplete	1	submit	sending	sending	absent	0
idle	discarded	incomplete	1	delivered	idle	discarded	incomplete	1
idle	discarded	incomplete	1	cli:thinking	idle	discarded	incomplete	1
idle	discarded	incomplete	1	cli:text	idle	discarded	incomplete	1
idle	discarded	incomplete	1	cli:tool_start	idle	discarded	incomplete	1
idle	discarded	incomplete	1	cli:tool_end	idle	discarded	incomplete	1
idle	discarded	incomplete	1	cli:approval	idle	discarded	incomplete	1
idle	discarded	incomplete	1	cli:info	idle	discarded	incomplete	1
idle	discarded	incomplete	1	cli:error	idle	discarded	incomplete	1
idle	discarded	incomplete	1	cli:turn_end_ok	idle	discarded	incomplete	1
idle	discarded	incomplete	1	cli:turn_end_fail	idle	discarded	incomplete	1
idle	discarded	incomplete	1	finish:saved	idle	discarded	incomplete	1
idle	discarded	incomplete	1	finish:saved_failed	idle	discarded	incomplete	1
idle	discarded	incomplete	1	finish:unconfirmed	idle	discarded	incomplete	1
idle	discarded	incomplete	1	finish:discarded	idle	discarded	incomplete	1
sending	sending	absent	0	submit	sending	sending	absent	0
sending	sending	absent	0	delivered	waiting	sent	absent	0
sending	sending	absent	0	cli:thinking	thinking	sent	absent	0
sending	sending	absent	0	cli:text	writing	sent	streaming	0
sending	sending	absent	0	cli:tool_start	tool	sent	absent	0
sending	sending	absent	0	cli:tool_end	waiting	sent	absent	0
sending	sending	absent	0	cli:approval	approval	sent	absent	0
sending	sending	absent	0	cli:info	waiting	sent	absent	0
sending	sending	absent	0	cli:error	waiting	sent	absent	1
sending	sending	absent	0	cli:turn_end_ok	saving	sent	absent	0
sending	sending	absent	0	cli:turn_end_fail	saving	sent	absent	1
sending	sending	absent	0	finish:saved	idle	saved	absent	0
sending	sending	absent	0	finish:saved_failed	idle	saved	absent	1
sending	sending	absent	0	finish:unconfirmed	idle	unconfirmed	absent	0
sending	sending	absent	0	finish:discarded	idle	discarded	absent	1
sending	sending	absent	1	submit	sending	sending	absent	1
sending	sending	absent	1	delivered	waiting	sent	absent	1
sending	sending	absent	1	cli:thinking	thinking	sent	absent	1
sending	sending	absent	1	cli:text	writing	sent	streaming	1
sending	sending	absent	1	cli:tool_start	tool	sent	absent	1
sending	sending	absent	1	cli:tool_end	waiting	sent	absent	1
sending	sending	absent	1	cli:approval	approval	sent	absent	1
sending	sending	absent	1	cli:info	waiting	sent	absent	1
sending	sending	absent	1	cli:error	waiting	sent	absent	1
sending	sending	absent	1	cli:turn_end_ok	saving	sent	absent	1
sending	sending	absent	1	cli:turn_end_fail	saving	sent	absent	1
sending	sending	absent	1	finish:saved	idle	saved	absent	1
sending	sending	absent	1	finish:saved_failed	idle	saved	absent	1
sending	sending	absent	1	finish:unconfirmed	idle	unconfirmed	absent	1
sending	sending	absent	1	finish:discarded	idle	discarded	absent	1
waiting	sent	absent	0	submit	waiting	sent	absent	0
waiting	sent	absent	0	delivered	waiting	sent	absent	0
waiting	sent	absent	0	cli:thinking	thinking	sent	absent	0
waiting	sent	absent	0	cli:text	writing	sent	streaming	0
waiting	sent	absent	0	cli:tool_start	tool	sent	absent	0
waiting	sent	absent	0	cli:tool_end	waiting	sent	absent	0
waiting	sent	absent	0	cli:approval	approval	sent	absent	0
waiting	sent	absent	0	cli:info	waiting	sent	absent	0
waiting	sent	absent	0	cli:error	waiting	sent	absent	1
waiting	sent	absent	0	cli:turn_end_ok	saving	sent	absent	0
waiting	sent	absent	0	cli:turn_end_fail	saving	sent	absent	1
waiting	sent	absent	0	finish:saved	idle	saved	absent	0
waiting	sent	absent	0	finish:saved_failed	idle	saved	absent	1
waiting	sent	absent	0	finish:unconfirmed	idle	unconfirmed	absent	0
waiting	sent	absent	0	finish:discarded	idle	discarded	absent	1
waiting	sent	absent	1	submit	waiting	sent	absent	1
waiting	sent	absent	1	delivered	waiting	sent	absent	1
waiting	sent	absent	1	cli:thinking	thinking	sent	absent	1
waiting	sent	absent	1	cli:text	writing	sent	streaming	1
waiting	sent	absent	1	cli:tool_start	tool	sent	absent	1
waiting	sent	absent	1	cli:tool_end	waiting	sent	absent	1
waiting	sent	absent	1	cli:approval	approval	sent	absent	1
waiting	sent	absent	1	cli:info	waiting	sent	absent	1
waiting	sent	absent	1	cli:error	waiting	sent	absent	1
waiting	sent	absent	1	cli:turn_end_ok	saving	sent	absent	1
waiting	sent	absent	1	cli:turn_end_fail	saving	sent	absent	1
waiting	sent	absent	1	finish:saved	idle	saved	absent	1
waiting	sent	absent	1	finish:saved_failed	idle	saved	absent	1
waiting	sent	absent	1	finish:unconfirmed	idle	unconfirmed	absent	1
waiting	sent	absent	1	finish:discarded	idle	discarded	absent	1
waiting	sent	streaming	0	submit	waiting	sent	streaming	0
waiting	sent	streaming	0	delivered	waiting	sent	streaming	0
waiting	sent	streaming	0	cli:thinking	thinking	sent	streaming	0
waiting	sent	streaming	0	cli:text	writing	sent	streaming	0
waiting	sent	streaming	0	cli:tool_start	tool	sent	streaming	0
waiting	sent	streaming	0	cli:tool_end	waiting	sent	streaming	0
waiting	sent	streaming	0	cli:approval	approval	sent	streaming	0
waiting	sent	streaming	0	cli:info	waiting	sent	streaming	0
waiting	sent	streaming	0	cli:error	waiting	sent	streaming	1
waiting	sent	streaming	0	cli:turn_end_ok	saving	sent	done	0
waiting	sent	streaming	0	cli:turn_end_fail	saving	sent	stopped	1
waiting	sent	streaming	0	finish:saved	idle	saved	incomplete	0
waiting	sent	streaming	0	finish:saved_failed	idle	saved	incomplete	1
waiting	sent	streaming	0	finish:unconfirmed	idle	unconfirmed	incomplete	0
waiting	sent	streaming	0	finish:discarded	idle	discarded	incomplete	1
waiting	sent	streaming	1	submit	waiting	sent	streaming	1
waiting	sent	streaming	1	delivered	waiting	sent	streaming	1
waiting	sent	streaming	1	cli:thinking	thinking	sent	streaming	1
waiting	sent	streaming	1	cli:text	writing	sent	streaming	1
waiting	sent	streaming	1	cli:tool_start	tool	sent	streaming	1
waiting	sent	streaming	1	cli:tool_end	waiting	sent	streaming	1
waiting	sent	streaming	1	cli:approval	approval	sent	streaming	1
waiting	sent	streaming	1	cli:info	waiting	sent	streaming	1
waiting	sent	streaming	1	cli:error	waiting	sent	streaming	1
waiting	sent	streaming	1	cli:turn_end_ok	saving	sent	done	1
waiting	sent	streaming	1	cli:turn_end_fail	saving	sent	stopped	1
waiting	sent	streaming	1	finish:saved	idle	saved	incomplete	1
waiting	sent	streaming	1	finish:saved_failed	idle	saved	incomplete	1
waiting	sent	streaming	1	finish:unconfirmed	idle	unconfirmed	incomplete	1
waiting	sent	streaming	1	finish:discarded	idle	discarded	incomplete	1
waiting	sent	done	0	submit	waiting	sent	done	0
waiting	sent	done	0	delivered	waiting	sent	done	0
waiting	sent	done	0	cli:thinking	thinking	sent	done	0
waiting	sent	done	0	cli:text	writing	sent	done	0
waiting	sent	done	0	cli:tool_start	tool	sent	done	0
waiting	sent	done	0	cli:tool_end	waiting	sent	done	0
waiting	sent	done	0	cli:approval	approval	sent	done	0
waiting	sent	done	0	cli:info	waiting	sent	done	0
waiting	sent	done	0	cli:error	waiting	sent	done	1
waiting	sent	done	0	cli:turn_end_ok	saving	sent	done	0
waiting	sent	done	0	cli:turn_end_fail	saving	sent	done	1
waiting	sent	done	0	finish:saved	idle	saved	done	0
waiting	sent	done	0	finish:saved_failed	idle	saved	done	1
waiting	sent	done	0	finish:unconfirmed	idle	unconfirmed	done	0
waiting	sent	done	0	finish:discarded	idle	discarded	done	1
waiting	sent	done	1	submit	waiting	sent	done	1
waiting	sent	done	1	delivered	waiting	sent	done	1
waiting	sent	done	1	cli:thinking	thinking	sent	done	1
waiting	sent	done	1	cli:text	writing	sent	done	1
waiting	sent	done	1	cli:tool_start	tool	sent	done	1
waiting	sent	done	1	cli:tool_end	waiting	sent	done	1
waiting	sent	done	1	cli:approval	approval	sent	done	1
waiting	sent	done	1	cli:info	waiting	sent	done	1
waiting	sent	done	1	cli:error	waiting	sent	done	1
waiting	sent	done	1	cli:turn_end_ok	saving	sent	done	1
waiting	sent	done	1	cli:turn_end_fail	saving	sent	done	1
waiting	sent	done	1	finish:saved	idle	saved	done	1
waiting	sent	done	1	finish:saved_failed	idle	saved	done	1
waiting	sent	done	1	finish:unconfirmed	idle	unconfirmed	done	1
waiting	sent	done	1	finish:discarded	idle	discarded	done	1
waiting	sent	stopped	0	submit	waiting	sent	stopped	0
waiting	sent	stopped	0	delivered	waiting	sent	stopped	0
waiting	sent	stopped	0	cli:thinking	thinking	sent	stopped	0
waiting	sent	stopped	0	cli:text	writing	sent	stopped	0
waiting	sent	stopped	0	cli:tool_start	tool	sent	stopped	0
waiting	sent	stopped	0	cli:tool_end	waiting	sent	stopped	0
waiting	sent	stopped	0	cli:approval	approval	sent	stopped	0
waiting	sent	stopped	0	cli:info	waiting	sent	stopped	0
waiting	sent	stopped	0	cli:error	waiting	sent	stopped	1
waiting	sent	stopped	0	cli:turn_end_ok	saving	sent	stopped	0
waiting	sent	stopped	0	cli:turn_end_fail	saving	sent	stopped	1
waiting	sent	stopped	0	finish:saved	idle	saved	stopped	0
waiting	sent	stopped	0	finish:saved_failed	idle	saved	stopped	1
waiting	sent	stopped	0	finish:unconfirmed	idle	unconfirmed	stopped	0
waiting	sent	stopped	0	finish:discarded	idle	discarded	stopped	1
waiting	sent	stopped	1	submit	waiting	sent	stopped	1
waiting	sent	stopped	1	delivered	waiting	sent	stopped	1
waiting	sent	stopped	1	cli:thinking	thinking	sent	stopped	1
waiting	sent	stopped	1	cli:text	writing	sent	stopped	1
waiting	sent	stopped	1	cli:tool_start	tool	sent	stopped	1
waiting	sent	stopped	1	cli:tool_end	waiting	sent	stopped	1
waiting	sent	stopped	1	cli:approval	approval	sent	stopped	1
waiting	sent	stopped	1	cli:info	waiting	sent	stopped	1
waiting	sent	stopped	1	cli:error	waiting	sent	stopped	1
waiting	sent	stopped	1	cli:turn_end_ok	saving	sent	stopped	1
waiting	sent	stopped	1	cli:turn_end_fail	saving	sent	stopped	1
waiting	sent	stopped	1	finish:saved	idle	saved	stopped	1
waiting	sent	stopped	1	finish:saved_failed	idle	saved	stopped	1
waiting	sent	stopped	1	finish:unconfirmed	idle	unconfirmed	stopped	1
waiting	sent	stopped	1	finish:discarded	idle	discarded	stopped	1
waiting	sent	incomplete	0	submit	waiting	sent	incomplete	0
waiting	sent	incomplete	0	delivered	waiting	sent	incomplete	0
waiting	sent	incomplete	0	cli:thinking	thinking	sent	incomplete	0
waiting	sent	incomplete	0	cli:text	writing	sent	incomplete	0
waiting	sent	incomplete	0	cli:tool_start	tool	sent	incomplete	0
waiting	sent	incomplete	0	cli:tool_end	waiting	sent	incomplete	0
waiting	sent	incomplete	0	cli:approval	approval	sent	incomplete	0
waiting	sent	incomplete	0	cli:info	waiting	sent	incomplete	0
waiting	sent	incomplete	0	cli:error	waiting	sent	incomplete	1
waiting	sent	incomplete	0	cli:turn_end_ok	saving	sent	incomplete	0
waiting	sent	incomplete	0	cli:turn_end_fail	saving	sent	incomplete	1
waiting	sent	incomplete	0	finish:saved	idle	saved	incomplete	0
waiting	sent	incomplete	0	finish:saved_failed	idle	saved	incomplete	1
waiting	sent	incomplete	0	finish:unconfirmed	idle	unconfirmed	incomplete	0
waiting	sent	incomplete	0	finish:discarded	idle	discarded	incomplete	1
waiting	sent	incomplete	1	submit	waiting	sent	incomplete	1
waiting	sent	incomplete	1	delivered	waiting	sent	incomplete	1
waiting	sent	incomplete	1	cli:thinking	thinking	sent	incomplete	1
waiting	sent	incomplete	1	cli:text	writing	sent	incomplete	1
waiting	sent	incomplete	1	cli:tool_start	tool	sent	incomplete	1
waiting	sent	incomplete	1	cli:tool_end	waiting	sent	incomplete	1
waiting	sent	incomplete	1	cli:approval	approval	sent	incomplete	1
waiting	sent	incomplete	1	cli:info	waiting	sent	incomplete	1
waiting	sent	incomplete	1	cli:error	waiting	sent	incomplete	1
waiting	sent	incomplete	1	cli:turn_end_ok	saving	sent	incomplete	1
waiting	sent	incomplete	1	cli:turn_end_fail	saving	sent	incomplete	1
waiting	sent	incomplete	1	finish:saved	idle	saved	incomplete	1
waiting	sent	incomplete	1	finish:saved_failed	idle	saved	incomplete	1
waiting	sent	incomplete	1	finish:unconfirmed	idle	unconfirmed	incomplete	1
waiting	sent	incomplete	1	finish:discarded	idle	discarded	incomplete	1
thinking	sent	absent	0	submit	thinking	sent	absent	0
thinking	sent	absent	0	delivered	thinking	sent	absent	0
thinking	sent	absent	0	cli:thinking	thinking	sent	absent	0
thinking	sent	absent	0	cli:text	writing	sent	streaming	0
thinking	sent	absent	0	cli:tool_start	tool	sent	absent	0
thinking	sent	absent	0	cli:tool_end	waiting	sent	absent	0
thinking	sent	absent	0	cli:approval	approval	sent	absent	0
thinking	sent	absent	0	cli:info	thinking	sent	absent	0
thinking	sent	absent	0	cli:error	thinking	sent	absent	1
thinking	sent	absent	0	cli:turn_end_ok	saving	sent	absent	0
thinking	sent	absent	0	cli:turn_end_fail	saving	sent	absent	1
thinking	sent	absent	0	finish:saved	idle	saved	absent	0
thinking	sent	absent	0	finish:saved_failed	idle	saved	absent	1
thinking	sent	absent	0	finish:unconfirmed	idle	unconfirmed	absent	0
thinking	sent	absent	0	finish:discarded	idle	discarded	absent	1
thinking	sent	absent	1	submit	thinking	sent	absent	1
thinking	sent	absent	1	delivered	thinking	sent	absent	1
thinking	sent	absent	1	cli:thinking	thinking	sent	absent	1
thinking	sent	absent	1	cli:text	writing	sent	streaming	1
thinking	sent	absent	1	cli:tool_start	tool	sent	absent	1
thinking	sent	absent	1	cli:tool_end	waiting	sent	absent	1
thinking	sent	absent	1	cli:approval	approval	sent	absent	1
thinking	sent	absent	1	cli:info	thinking	sent	absent	1
thinking	sent	absent	1	cli:error	thinking	sent	absent	1
thinking	sent	absent	1	cli:turn_end_ok	saving	sent	absent	1
thinking	sent	absent	1	cli:turn_end_fail	saving	sent	absent	1
thinking	sent	absent	1	finish:saved	idle	saved	absent	1
thinking	sent	absent	1	finish:saved_failed	idle	saved	absent	1
thinking	sent	absent	1	finish:unconfirmed	idle	unconfirmed	absent	1
thinking	sent	absent	1	finish:discarded	idle	discarded	absent	1
thinking	sent	streaming	0	submit	thinking	sent	streaming	0
thinking	sent	streaming	0	delivered	thinking	sent	streaming	0
thinking	sent	streaming	0	cli:thinking	thinking	sent	streaming	0
thinking	sent	streaming	0	cli:text	writing	sent	streaming	0
thinking	sent	streaming	0	cli:tool_start	tool	sent	streaming	0
thinking	sent	streaming	0	cli:tool_end	waiting	sent	streaming	0
thinking	sent	streaming	0	cli:approval	approval	sent	streaming	0
thinking	sent	streaming	0	cli:info	thinking	sent	streaming	0
thinking	sent	streaming	0	cli:error	thinking	sent	streaming	1
thinking	sent	streaming	0	cli:turn_end_ok	saving	sent	done	0
thinking	sent	streaming	0	cli:turn_end_fail	saving	sent	stopped	1
thinking	sent	streaming	0	finish:saved	idle	saved	incomplete	0
thinking	sent	streaming	0	finish:saved_failed	idle	saved	incomplete	1
thinking	sent	streaming	0	finish:unconfirmed	idle	unconfirmed	incomplete	0
thinking	sent	streaming	0	finish:discarded	idle	discarded	incomplete	1
thinking	sent	streaming	1	submit	thinking	sent	streaming	1
thinking	sent	streaming	1	delivered	thinking	sent	streaming	1
thinking	sent	streaming	1	cli:thinking	thinking	sent	streaming	1
thinking	sent	streaming	1	cli:text	writing	sent	streaming	1
thinking	sent	streaming	1	cli:tool_start	tool	sent	streaming	1
thinking	sent	streaming	1	cli:tool_end	waiting	sent	streaming	1
thinking	sent	streaming	1	cli:approval	approval	sent	streaming	1
thinking	sent	streaming	1	cli:info	thinking	sent	streaming	1
thinking	sent	streaming	1	cli:error	thinking	sent	streaming	1
thinking	sent	streaming	1	cli:turn_end_ok	saving	sent	done	1
thinking	sent	streaming	1	cli:turn_end_fail	saving	sent	stopped	1
thinking	sent	streaming	1	finish:saved	idle	saved	incomplete	1
thinking	sent	streaming	1	finish:saved_failed	idle	saved	incomplete	1
thinking	sent	streaming	1	finish:unconfirmed	idle	unconfirmed	incomplete	1
thinking	sent	streaming	1	finish:discarded	idle	discarded	incomplete	1
thinking	sent	done	0	submit	thinking	sent	done	0
thinking	sent	done	0	delivered	thinking	sent	done	0
thinking	sent	done	0	cli:thinking	thinking	sent	done	0
thinking	sent	done	0	cli:text	writing	sent	done	0
thinking	sent	done	0	cli:tool_start	tool	sent	done	0
thinking	sent	done	0	cli:tool_end	waiting	sent	done	0
thinking	sent	done	0	cli:approval	approval	sent	done	0
thinking	sent	done	0	cli:info	thinking	sent	done	0
thinking	sent	done	0	cli:error	thinking	sent	done	1
thinking	sent	done	0	cli:turn_end_ok	saving	sent	done	0
thinking	sent	done	0	cli:turn_end_fail	saving	sent	done	1
thinking	sent	done	0	finish:saved	idle	saved	done	0
thinking	sent	done	0	finish:saved_failed	idle	saved	done	1
thinking	sent	done	0	finish:unconfirmed	idle	unconfirmed	done	0
thinking	sent	done	0	finish:discarded	idle	discarded	done	1
thinking	sent	done	1	submit	thinking	sent	done	1
thinking	sent	done	1	delivered	thinking	sent	done	1
thinking	sent	done	1	cli:thinking	thinking	sent	done	1
thinking	sent	done	1	cli:text	writing	sent	done	1
thinking	sent	done	1	cli:tool_start	tool	sent	done	1
thinking	sent	done	1	cli:tool_end	waiting	sent	done	1
thinking	sent	done	1	cli:approval	approval	sent	done	1
thinking	sent	done	1	cli:info	thinking	sent	done	1
thinking	sent	done	1	cli:error	thinking	sent	done	1
thinking	sent	done	1	cli:turn_end_ok	saving	sent	done	1
thinking	sent	done	1	cli:turn_end_fail	saving	sent	done	1
thinking	sent	done	1	finish:saved	idle	saved	done	1
thinking	sent	done	1	finish:saved_failed	idle	saved	done	1
thinking	sent	done	1	finish:unconfirmed	idle	unconfirmed	done	1
thinking	sent	done	1	finish:discarded	idle	discarded	done	1
thinking	sent	stopped	0	submit	thinking	sent	stopped	0
thinking	sent	stopped	0	delivered	thinking	sent	stopped	0
thinking	sent	stopped	0	cli:thinking	thinking	sent	stopped	0
thinking	sent	stopped	0	cli:text	writing	sent	stopped	0
thinking	sent	stopped	0	cli:tool_start	tool	sent	stopped	0
thinking	sent	stopped	0	cli:tool_end	waiting	sent	stopped	0
thinking	sent	stopped	0	cli:approval	approval	sent	stopped	0
thinking	sent	stopped	0	cli:info	thinking	sent	stopped	0
thinking	sent	stopped	0	cli:error	thinking	sent	stopped	1
thinking	sent	stopped	0	cli:turn_end_ok	saving	sent	stopped	0
thinking	sent	stopped	0	cli:turn_end_fail	saving	sent	stopped	1
thinking	sent	stopped	0	finish:saved	idle	saved	stopped	0
thinking	sent	stopped	0	finish:saved_failed	idle	saved	stopped	1
thinking	sent	stopped	0	finish:unconfirmed	idle	unconfirmed	stopped	0
thinking	sent	stopped	0	finish:discarded	idle	discarded	stopped	1
thinking	sent	stopped	1	submit	thinking	sent	stopped	1
thinking	sent	stopped	1	delivered	thinking	sent	stopped	1
thinking	sent	stopped	1	cli:thinking	thinking	sent	stopped	1
thinking	sent	stopped	1	cli:text	writing	sent	stopped	1
thinking	sent	stopped	1	cli:tool_start	tool	sent	stopped	1
thinking	sent	stopped	1	cli:tool_end	waiting	sent	stopped	1
thinking	sent	stopped	1	cli:approval	approval	sent	stopped	1
thinking	sent	stopped	1	cli:info	thinking	sent	stopped	1
thinking	sent	stopped	1	cli:error	thinking	sent	stopped	1
thinking	sent	stopped	1	cli:turn_end_ok	saving	sent	stopped	1
thinking	sent	stopped	1	cli:turn_end_fail	saving	sent	stopped	1
thinking	sent	stopped	1	finish:saved	idle	saved	stopped	1
thinking	sent	stopped	1	finish:saved_failed	idle	saved	stopped	1
thinking	sent	stopped	1	finish:unconfirmed	idle	unconfirmed	stopped	1
thinking	sent	stopped	1	finish:discarded	idle	discarded	stopped	1
thinking	sent	incomplete	0	submit	thinking	sent	incomplete	0
thinking	sent	incomplete	0	delivered	thinking	sent	incomplete	0
thinking	sent	incomplete	0	cli:thinking	thinking	sent	incomplete	0
thinking	sent	incomplete	0	cli:text	writing	sent	incomplete	0
thinking	sent	incomplete	0	cli:tool_start	tool	sent	incomplete	0
thinking	sent	incomplete	0	cli:tool_end	waiting	sent	incomplete	0
thinking	sent	incomplete	0	cli:approval	approval	sent	incomplete	0
thinking	sent	incomplete	0	cli:info	thinking	sent	incomplete	0
thinking	sent	incomplete	0	cli:error	thinking	sent	incomplete	1
thinking	sent	incomplete	0	cli:turn_end_ok	saving	sent	incomplete	0
thinking	sent	incomplete	0	cli:turn_end_fail	saving	sent	incomplete	1
thinking	sent	incomplete	0	finish:saved	idle	saved	incomplete	0
thinking	sent	incomplete	0	finish:saved_failed	idle	saved	incomplete	1
thinking	sent	incomplete	0	finish:unconfirmed	idle	unconfirmed	incomplete	0
thinking	sent	incomplete	0	finish:discarded	idle	discarded	incomplete	1
thinking	sent	incomplete	1	submit	thinking	sent	incomplete	1
thinking	sent	incomplete	1	delivered	thinking	sent	incomplete	1
thinking	sent	incomplete	1	cli:thinking	thinking	sent	incomplete	1
thinking	sent	incomplete	1	cli:text	writing	sent	incomplete	1
thinking	sent	incomplete	1	cli:tool_start	tool	sent	incomplete	1
thinking	sent	incomplete	1	cli:tool_end	waiting	sent	incomplete	1
thinking	sent	incomplete	1	cli:approval	approval	sent	incomplete	1
thinking	sent	incomplete	1	cli:info	thinking	sent	incomplete	1
thinking	sent	incomplete	1	cli:error	thinking	sent	incomplete	1
thinking	sent	incomplete	1	cli:turn_end_ok	saving	sent	incomplete	1
thinking	sent	incomplete	1	cli:turn_end_fail	saving	sent	incomplete	1
thinking	sent	incomplete	1	finish:saved	idle	saved	incomplete	1
thinking	sent	incomplete	1	finish:saved_failed	idle	saved	incomplete	1
thinking	sent	incomplete	1	finish:unconfirmed	idle	unconfirmed	incomplete	1
thinking	sent	incomplete	1	finish:discarded	idle	discarded	incomplete	1
writing	sent	absent	0	submit	writing	sent	absent	0
writing	sent	absent	0	delivered	writing	sent	absent	0
writing	sent	absent	0	cli:thinking	thinking	sent	absent	0
writing	sent	absent	0	cli:text	writing	sent	streaming	0
writing	sent	absent	0	cli:tool_start	tool	sent	absent	0
writing	sent	absent	0	cli:tool_end	waiting	sent	absent	0
writing	sent	absent	0	cli:approval	approval	sent	absent	0
writing	sent	absent	0	cli:info	writing	sent	absent	0
writing	sent	absent	0	cli:error	writing	sent	absent	1
writing	sent	absent	0	cli:turn_end_ok	saving	sent	absent	0
writing	sent	absent	0	cli:turn_end_fail	saving	sent	absent	1
writing	sent	absent	0	finish:saved	idle	saved	absent	0
writing	sent	absent	0	finish:saved_failed	idle	saved	absent	1
writing	sent	absent	0	finish:unconfirmed	idle	unconfirmed	absent	0
writing	sent	absent	0	finish:discarded	idle	discarded	absent	1
writing	sent	absent	1	submit	writing	sent	absent	1
writing	sent	absent	1	delivered	writing	sent	absent	1
writing	sent	absent	1	cli:thinking	thinking	sent	absent	1
writing	sent	absent	1	cli:text	writing	sent	streaming	1
writing	sent	absent	1	cli:tool_start	tool	sent	absent	1
writing	sent	absent	1	cli:tool_end	waiting	sent	absent	1
writing	sent	absent	1	cli:approval	approval	sent	absent	1
writing	sent	absent	1	cli:info	writing	sent	absent	1
writing	sent	absent	1	cli:error	writing	sent	absent	1
writing	sent	absent	1	cli:turn_end_ok	saving	sent	absent	1
writing	sent	absent	1	cli:turn_end_fail	saving	sent	absent	1
writing	sent	absent	1	finish:saved	idle	saved	absent	1
writing	sent	absent	1	finish:saved_failed	idle	saved	absent	1
writing	sent	absent	1	finish:unconfirmed	idle	unconfirmed	absent	1
writing	sent	absent	1	finish:discarded	idle	discarded	absent	1
writing	sent	streaming	0	submit	writing	sent	streaming	0
writing	sent	streaming	0	delivered	writing	sent	streaming	0
writing	sent	streaming	0	cli:thinking	thinking	sent	streaming	0
writing	sent	streaming	0	cli:text	writing	sent	streaming	0
writing	sent	streaming	0	cli:tool_start	tool	sent	streaming	0
writing	sent	streaming	0	cli:tool_end	waiting	sent	streaming	0
writing	sent	streaming	0	cli:approval	approval	sent	streaming	0
writing	sent	streaming	0	cli:info	writing	sent	streaming	0
writing	sent	streaming	0	cli:error	writing	sent	streaming	1
writing	sent	streaming	0	cli:turn_end_ok	saving	sent	done	0
writing	sent	streaming	0	cli:turn_end_fail	saving	sent	stopped	1
writing	sent	streaming	0	finish:saved	idle	saved	incomplete	0
writing	sent	streaming	0	finish:saved_failed	idle	saved	incomplete	1
writing	sent	streaming	0	finish:unconfirmed	idle	unconfirmed	incomplete	0
writing	sent	streaming	0	finish:discarded	idle	discarded	incomplete	1
writing	sent	streaming	1	submit	writing	sent	streaming	1
writing	sent	streaming	1	delivered	writing	sent	streaming	1
writing	sent	streaming	1	cli:thinking	thinking	sent	streaming	1
writing	sent	streaming	1	cli:text	writing	sent	streaming	1
writing	sent	streaming	1	cli:tool_start	tool	sent	streaming	1
writing	sent	streaming	1	cli:tool_end	waiting	sent	streaming	1
writing	sent	streaming	1	cli:approval	approval	sent	streaming	1
writing	sent	streaming	1	cli:info	writing	sent	streaming	1
writing	sent	streaming	1	cli:error	writing	sent	streaming	1
writing	sent	streaming	1	cli:turn_end_ok	saving	sent	done	1
writing	sent	streaming	1	cli:turn_end_fail	saving	sent	stopped	1
writing	sent	streaming	1	finish:saved	idle	saved	incomplete	1
writing	sent	streaming	1	finish:saved_failed	idle	saved	incomplete	1
writing	sent	streaming	1	finish:unconfirmed	idle	unconfirmed	incomplete	1
writing	sent	streaming	1	finish:discarded	idle	discarded	incomplete	1
writing	sent	done	0	submit	writing	sent	done	0
writing	sent	done	0	delivered	writing	sent	done	0
writing	sent	done	0	cli:thinking	thinking	sent	done	0
writing	sent	done	0	cli:text	writing	sent	done	0
writing	sent	done	0	cli:tool_start	tool	sent	done	0
writing	sent	done	0	cli:tool_end	waiting	sent	done	0
writing	sent	done	0	cli:approval	approval	sent	done	0
writing	sent	done	0	cli:info	writing	sent	done	0
writing	sent	done	0	cli:error	writing	sent	done	1
writing	sent	done	0	cli:turn_end_ok	saving	sent	done	0
writing	sent	done	0	cli:turn_end_fail	saving	sent	done	1
writing	sent	done	0	finish:saved	idle	saved	done	0
writing	sent	done	0	finish:saved_failed	idle	saved	done	1
writing	sent	done	0	finish:unconfirmed	idle	unconfirmed	done	0
writing	sent	done	0	finish:discarded	idle	discarded	done	1
writing	sent	done	1	submit	writing	sent	done	1
writing	sent	done	1	delivered	writing	sent	done	1
writing	sent	done	1	cli:thinking	thinking	sent	done	1
writing	sent	done	1	cli:text	writing	sent	done	1
writing	sent	done	1	cli:tool_start	tool	sent	done	1
writing	sent	done	1	cli:tool_end	waiting	sent	done	1
writing	sent	done	1	cli:approval	approval	sent	done	1
writing	sent	done	1	cli:info	writing	sent	done	1
writing	sent	done	1	cli:error	writing	sent	done	1
writing	sent	done	1	cli:turn_end_ok	saving	sent	done	1
writing	sent	done	1	cli:turn_end_fail	saving	sent	done	1
writing	sent	done	1	finish:saved	idle	saved	done	1
writing	sent	done	1	finish:saved_failed	idle	saved	done	1
writing	sent	done	1	finish:unconfirmed	idle	unconfirmed	done	1
writing	sent	done	1	finish:discarded	idle	discarded	done	1
writing	sent	stopped	0	submit	writing	sent	stopped	0
writing	sent	stopped	0	delivered	writing	sent	stopped	0
writing	sent	stopped	0	cli:thinking	thinking	sent	stopped	0
writing	sent	stopped	0	cli:text	writing	sent	stopped	0
writing	sent	stopped	0	cli:tool_start	tool	sent	stopped	0
writing	sent	stopped	0	cli:tool_end	waiting	sent	stopped	0
writing	sent	stopped	0	cli:approval	approval	sent	stopped	0
writing	sent	stopped	0	cli:info	writing	sent	stopped	0
writing	sent	stopped	0	cli:error	writing	sent	stopped	1
writing	sent	stopped	0	cli:turn_end_ok	saving	sent	stopped	0
writing	sent	stopped	0	cli:turn_end_fail	saving	sent	stopped	1
writing	sent	stopped	0	finish:saved	idle	saved	stopped	0
writing	sent	stopped	0	finish:saved_failed	idle	saved	stopped	1
writing	sent	stopped	0	finish:unconfirmed	idle	unconfirmed	stopped	0
writing	sent	stopped	0	finish:discarded	idle	discarded	stopped	1
writing	sent	stopped	1	submit	writing	sent	stopped	1
writing	sent	stopped	1	delivered	writing	sent	stopped	1
writing	sent	stopped	1	cli:thinking	thinking	sent	stopped	1
writing	sent	stopped	1	cli:text	writing	sent	stopped	1
writing	sent	stopped	1	cli:tool_start	tool	sent	stopped	1
writing	sent	stopped	1	cli:tool_end	waiting	sent	stopped	1
writing	sent	stopped	1	cli:approval	approval	sent	stopped	1
writing	sent	stopped	1	cli:info	writing	sent	stopped	1
writing	sent	stopped	1	cli:error	writing	sent	stopped	1
writing	sent	stopped	1	cli:turn_end_ok	saving	sent	stopped	1
writing	sent	stopped	1	cli:turn_end_fail	saving	sent	stopped	1
writing	sent	stopped	1	finish:saved	idle	saved	stopped	1
writing	sent	stopped	1	finish:saved_failed	idle	saved	stopped	1
writing	sent	stopped	1	finish:unconfirmed	idle	unconfirmed	stopped	1
writing	sent	stopped	1	finish:discarded	idle	discarded	stopped	1
writing	sent	incomplete	0	submit	writing	sent	incomplete	0
writing	sent	incomplete	0	delivered	writing	sent	incomplete	0
writing	sent	incomplete	0	cli:thinking	thinking	sent	incomplete	0
writing	sent	incomplete	0	cli:text	writing	sent	incomplete	0
writing	sent	incomplete	0	cli:tool_start	tool	sent	incomplete	0
writing	sent	incomplete	0	cli:tool_end	waiting	sent	incomplete	0
writing	sent	incomplete	0	cli:approval	approval	sent	incomplete	0
writing	sent	incomplete	0	cli:info	writing	sent	incomplete	0
writing	sent	incomplete	0	cli:error	writing	sent	incomplete	1
writing	sent	incomplete	0	cli:turn_end_ok	saving	sent	incomplete	0
writing	sent	incomplete	0	cli:turn_end_fail	saving	sent	incomplete	1
writing	sent	incomplete	0	finish:saved	idle	saved	incomplete	0
writing	sent	incomplete	0	finish:saved_failed	idle	saved	incomplete	1
writing	sent	incomplete	0	finish:unconfirmed	idle	unconfirmed	incomplete	0
writing	sent	incomplete	0	finish:discarded	idle	discarded	incomplete	1
writing	sent	incomplete	1	submit	writing	sent	incomplete	1
writing	sent	incomplete	1	delivered	writing	sent	incomplete	1
writing	sent	incomplete	1	cli:thinking	thinking	sent	incomplete	1
writing	sent	incomplete	1	cli:text	writing	sent	incomplete	1
writing	sent	incomplete	1	cli:tool_start	tool	sent	incomplete	1
writing	sent	incomplete	1	cli:tool_end	waiting	sent	incomplete	1
writing	sent	incomplete	1	cli:approval	approval	sent	incomplete	1
writing	sent	incomplete	1	cli:info	writing	sent	incomplete	1
writing	sent	incomplete	1	cli:error	writing	sent	incomplete	1
writing	sent	incomplete	1	cli:turn_end_ok	saving	sent	incomplete	1
writing	sent	incomplete	1	cli:turn_end_fail	saving	sent	incomplete	1
writing	sent	incomplete	1	finish:saved	idle	saved	incomplete	1
writing	sent	incomplete	1	finish:saved_failed	idle	saved	incomplete	1
writing	sent	incomplete	1	finish:unconfirmed	idle	unconfirmed	incomplete	1
writing	sent	incomplete	1	finish:discarded	idle	discarded	incomplete	1
tool	sent	absent	0	submit	tool	sent	absent	0
tool	sent	absent	0	delivered	tool	sent	absent	0
tool	sent	absent	0	cli:thinking	thinking	sent	absent	0
tool	sent	absent	0	cli:text	writing	sent	streaming	0
tool	sent	absent	0	cli:tool_start	tool	sent	absent	0
tool	sent	absent	0	cli:tool_end	waiting	sent	absent	0
tool	sent	absent	0	cli:approval	approval	sent	absent	0
tool	sent	absent	0	cli:info	tool	sent	absent	0
tool	sent	absent	0	cli:error	tool	sent	absent	1
tool	sent	absent	0	cli:turn_end_ok	saving	sent	absent	0
tool	sent	absent	0	cli:turn_end_fail	saving	sent	absent	1
tool	sent	absent	0	finish:saved	idle	saved	absent	0
tool	sent	absent	0	finish:saved_failed	idle	saved	absent	1
tool	sent	absent	0	finish:unconfirmed	idle	unconfirmed	absent	0
tool	sent	absent	0	finish:discarded	idle	discarded	absent	1
tool	sent	absent	1	submit	tool	sent	absent	1
tool	sent	absent	1	delivered	tool	sent	absent	1
tool	sent	absent	1	cli:thinking	thinking	sent	absent	1
tool	sent	absent	1	cli:text	writing	sent	streaming	1
tool	sent	absent	1	cli:tool_start	tool	sent	absent	1
tool	sent	absent	1	cli:tool_end	waiting	sent	absent	1
tool	sent	absent	1	cli:approval	approval	sent	absent	1
tool	sent	absent	1	cli:info	tool	sent	absent	1
tool	sent	absent	1	cli:error	tool	sent	absent	1
tool	sent	absent	1	cli:turn_end_ok	saving	sent	absent	1
tool	sent	absent	1	cli:turn_end_fail	saving	sent	absent	1
tool	sent	absent	1	finish:saved	idle	saved	absent	1
tool	sent	absent	1	finish:saved_failed	idle	saved	absent	1
tool	sent	absent	1	finish:unconfirmed	idle	unconfirmed	absent	1
tool	sent	absent	1	finish:discarded	idle	discarded	absent	1
tool	sent	streaming	0	submit	tool	sent	streaming	0
tool	sent	streaming	0	delivered	tool	sent	streaming	0
tool	sent	streaming	0	cli:thinking	thinking	sent	streaming	0
tool	sent	streaming	0	cli:text	writing	sent	streaming	0
tool	sent	streaming	0	cli:tool_start	tool	sent	streaming	0
tool	sent	streaming	0	cli:tool_end	waiting	sent	streaming	0
tool	sent	streaming	0	cli:approval	approval	sent	streaming	0
tool	sent	streaming	0	cli:info	tool	sent	streaming	0
tool	sent	streaming	0	cli:error	tool	sent	streaming	1
tool	sent	streaming	0	cli:turn_end_ok	saving	sent	done	0
tool	sent	streaming	0	cli:turn_end_fail	saving	sent	stopped	1
tool	sent	streaming	0	finish:saved	idle	saved	incomplete	0
tool	sent	streaming	0	finish:saved_failed	idle	saved	incomplete	1
tool	sent	streaming	0	finish:unconfirmed	idle	unconfirmed	incomplete	0
tool	sent	streaming	0	finish:discarded	idle	discarded	incomplete	1
tool	sent	streaming	1	submit	tool	sent	streaming	1
tool	sent	streaming	1	delivered	tool	sent	streaming	1
tool	sent	streaming	1	cli:thinking	thinking	sent	streaming	1
tool	sent	streaming	1	cli:text	writing	sent	streaming	1
tool	sent	streaming	1	cli:tool_start	tool	sent	streaming	1
tool	sent	streaming	1	cli:tool_end	waiting	sent	streaming	1
tool	sent	streaming	1	cli:approval	approval	sent	streaming	1
tool	sent	streaming	1	cli:info	tool	sent	streaming	1
tool	sent	streaming	1	cli:error	tool	sent	streaming	1
tool	sent	streaming	1	cli:turn_end_ok	saving	sent	done	1
tool	sent	streaming	1	cli:turn_end_fail	saving	sent	stopped	1
tool	sent	streaming	1	finish:saved	idle	saved	incomplete	1
tool	sent	streaming	1	finish:saved_failed	idle	saved	incomplete	1
tool	sent	streaming	1	finish:unconfirmed	idle	unconfirmed	incomplete	1
tool	sent	streaming	1	finish:discarded	idle	discarded	incomplete	1
tool	sent	done	0	submit	tool	sent	done	0
tool	sent	done	0	delivered	tool	sent	done	0
tool	sent	done	0	cli:thinking	thinking	sent	done	0
tool	sent	done	0	cli:text	writing	sent	done	0
tool	sent	done	0	cli:tool_start	tool	sent	done	0
tool	sent	done	0	cli:tool_end	waiting	sent	done	0
tool	sent	done	0	cli:approval	approval	sent	done	0
tool	sent	done	0	cli:info	tool	sent	done	0
tool	sent	done	0	cli:error	tool	sent	done	1
tool	sent	done	0	cli:turn_end_ok	saving	sent	done	0
tool	sent	done	0	cli:turn_end_fail	saving	sent	done	1
tool	sent	done	0	finish:saved	idle	saved	done	0
tool	sent	done	0	finish:saved_failed	idle	saved	done	1
tool	sent	done	0	finish:unconfirmed	idle	unconfirmed	done	0
tool	sent	done	0	finish:discarded	idle	discarded	done	1
tool	sent	done	1	submit	tool	sent	done	1
tool	sent	done	1	delivered	tool	sent	done	1
tool	sent	done	1	cli:thinking	thinking	sent	done	1
tool	sent	done	1	cli:text	writing	sent	done	1
tool	sent	done	1	cli:tool_start	tool	sent	done	1
tool	sent	done	1	cli:tool_end	waiting	sent	done	1
tool	sent	done	1	cli:approval	approval	sent	done	1
tool	sent	done	1	cli:info	tool	sent	done	1
tool	sent	done	1	cli:error	tool	sent	done	1
tool	sent	done	1	cli:turn_end_ok	saving	sent	done	1
tool	sent	done	1	cli:turn_end_fail	saving	sent	done	1
tool	sent	done	1	finish:saved	idle	saved	done	1
tool	sent	done	1	finish:saved_failed	idle	saved	done	1
tool	sent	done	1	finish:unconfirmed	idle	unconfirmed	done	1
tool	sent	done	1	finish:discarded	idle	discarded	done	1
tool	sent	stopped	0	submit	tool	sent	stopped	0
tool	sent	stopped	0	delivered	tool	sent	stopped	0
tool	sent	stopped	0	cli:thinking	thinking	sent	stopped	0
tool	sent	stopped	0	cli:text	writing	sent	stopped	0
tool	sent	stopped	0	cli:tool_start	tool	sent	stopped	0
tool	sent	stopped	0	cli:tool_end	waiting	sent	stopped	0
tool	sent	stopped	0	cli:approval	approval	sent	stopped	0
tool	sent	stopped	0	cli:info	tool	sent	stopped	0
tool	sent	stopped	0	cli:error	tool	sent	stopped	1
tool	sent	stopped	0	cli:turn_end_ok	saving	sent	stopped	0
tool	sent	stopped	0	cli:turn_end_fail	saving	sent	stopped	1
tool	sent	stopped	0	finish:saved	idle	saved	stopped	0
tool	sent	stopped	0	finish:saved_failed	idle	saved	stopped	1
tool	sent	stopped	0	finish:unconfirmed	idle	unconfirmed	stopped	0
tool	sent	stopped	0	finish:discarded	idle	discarded	stopped	1
tool	sent	stopped	1	submit	tool	sent	stopped	1
tool	sent	stopped	1	delivered	tool	sent	stopped	1
tool	sent	stopped	1	cli:thinking	thinking	sent	stopped	1
tool	sent	stopped	1	cli:text	writing	sent	stopped	1
tool	sent	stopped	1	cli:tool_start	tool	sent	stopped	1
tool	sent	stopped	1	cli:tool_end	waiting	sent	stopped	1
tool	sent	stopped	1	cli:approval	approval	sent	stopped	1
tool	sent	stopped	1	cli:info	tool	sent	stopped	1
tool	sent	stopped	1	cli:error	tool	sent	stopped	1
tool	sent	stopped	1	cli:turn_end_ok	saving	sent	stopped	1
tool	sent	stopped	1	cli:turn_end_fail	saving	sent	stopped	1
tool	sent	stopped	1	finish:saved	idle	saved	stopped	1
tool	sent	stopped	1	finish:saved_failed	idle	saved	stopped	1
tool	sent	stopped	1	finish:unconfirmed	idle	unconfirmed	stopped	1
tool	sent	stopped	1	finish:discarded	idle	discarded	stopped	1
tool	sent	incomplete	0	submit	tool	sent	incomplete	0
tool	sent	incomplete	0	delivered	tool	sent	incomplete	0
tool	sent	incomplete	0	cli:thinking	thinking	sent	incomplete	0
tool	sent	incomplete	0	cli:text	writing	sent	incomplete	0
tool	sent	incomplete	0	cli:tool_start	tool	sent	incomplete	0
tool	sent	incomplete	0	cli:tool_end	waiting	sent	incomplete	0
tool	sent	incomplete	0	cli:approval	approval	sent	incomplete	0
tool	sent	incomplete	0	cli:info	tool	sent	incomplete	0
tool	sent	incomplete	0	cli:error	tool	sent	incomplete	1
tool	sent	incomplete	0	cli:turn_end_ok	saving	sent	incomplete	0
tool	sent	incomplete	0	cli:turn_end_fail	saving	sent	incomplete	1
tool	sent	incomplete	0	finish:saved	idle	saved	incomplete	0
tool	sent	incomplete	0	finish:saved_failed	idle	saved	incomplete	1
tool	sent	incomplete	0	finish:unconfirmed	idle	unconfirmed	incomplete	0
tool	sent	incomplete	0	finish:discarded	idle	discarded	incomplete	1
tool	sent	incomplete	1	submit	tool	sent	incomplete	1
tool	sent	incomplete	1	delivered	tool	sent	incomplete	1
tool	sent	incomplete	1	cli:thinking	thinking	sent	incomplete	1
tool	sent	incomplete	1	cli:text	writing	sent	incomplete	1
tool	sent	incomplete	1	cli:tool_start	tool	sent	incomplete	1
tool	sent	incomplete	1	cli:tool_end	waiting	sent	incomplete	1
tool	sent	incomplete	1	cli:approval	approval	sent	incomplete	1
tool	sent	incomplete	1	cli:info	tool	sent	incomplete	1
tool	sent	incomplete	1	cli:error	tool	sent	incomplete	1
tool	sent	incomplete	1	cli:turn_end_ok	saving	sent	incomplete	1
tool	sent	incomplete	1	cli:turn_end_fail	saving	sent	incomplete	1
tool	sent	incomplete	1	finish:saved	idle	saved	incomplete	1
tool	sent	incomplete	1	finish:saved_failed	idle	saved	incomplete	1
tool	sent	incomplete	1	finish:unconfirmed	idle	unconfirmed	incomplete	1
tool	sent	incomplete	1	finish:discarded	idle	discarded	incomplete	1
approval	sent	absent	0	submit	approval	sent	absent	0
approval	sent	absent	0	delivered	approval	sent	absent	0
approval	sent	absent	0	cli:thinking	thinking	sent	absent	0
approval	sent	absent	0	cli:text	writing	sent	streaming	0
approval	sent	absent	0	cli:tool_start	tool	sent	absent	0
approval	sent	absent	0	cli:tool_end	waiting	sent	absent	0
approval	sent	absent	0	cli:approval	approval	sent	absent	0
approval	sent	absent	0	cli:info	approval	sent	absent	0
approval	sent	absent	0	cli:error	approval	sent	absent	1
approval	sent	absent	0	cli:turn_end_ok	saving	sent	absent	0
approval	sent	absent	0	cli:turn_end_fail	saving	sent	absent	1
approval	sent	absent	0	finish:saved	idle	saved	absent	0
approval	sent	absent	0	finish:saved_failed	idle	saved	absent	1
approval	sent	absent	0	finish:unconfirmed	idle	unconfirmed	absent	0
approval	sent	absent	0	finish:discarded	idle	discarded	absent	1
approval	sent	absent	1	submit	approval	sent	absent	1
approval	sent	absent	1	delivered	approval	sent	absent	1
approval	sent	absent	1	cli:thinking	thinking	sent	absent	1
approval	sent	absent	1	cli:text	writing	sent	streaming	1
approval	sent	absent	1	cli:tool_start	tool	sent	absent	1
approval	sent	absent	1	cli:tool_end	waiting	sent	absent	1
approval	sent	absent	1	cli:approval	approval	sent	absent	1
approval	sent	absent	1	cli:info	approval	sent	absent	1
approval	sent	absent	1	cli:error	approval	sent	absent	1
approval	sent	absent	1	cli:turn_end_ok	saving	sent	absent	1
approval	sent	absent	1	cli:turn_end_fail	saving	sent	absent	1
approval	sent	absent	1	finish:saved	idle	saved	absent	1
approval	sent	absent	1	finish:saved_failed	idle	saved	absent	1
approval	sent	absent	1	finish:unconfirmed	idle	unconfirmed	absent	1
approval	sent	absent	1	finish:discarded	idle	discarded	absent	1
approval	sent	streaming	0	submit	approval	sent	streaming	0
approval	sent	streaming	0	delivered	approval	sent	streaming	0
approval	sent	streaming	0	cli:thinking	thinking	sent	streaming	0
approval	sent	streaming	0	cli:text	writing	sent	streaming	0
approval	sent	streaming	0	cli:tool_start	tool	sent	streaming	0
approval	sent	streaming	0	cli:tool_end	waiting	sent	streaming	0
approval	sent	streaming	0	cli:approval	approval	sent	streaming	0
approval	sent	streaming	0	cli:info	approval	sent	streaming	0
approval	sent	streaming	0	cli:error	approval	sent	streaming	1
approval	sent	streaming	0	cli:turn_end_ok	saving	sent	done	0
approval	sent	streaming	0	cli:turn_end_fail	saving	sent	stopped	1
approval	sent	streaming	0	finish:saved	idle	saved	incomplete	0
approval	sent	streaming	0	finish:saved_failed	idle	saved	incomplete	1
approval	sent	streaming	0	finish:unconfirmed	idle	unconfirmed	incomplete	0
approval	sent	streaming	0	finish:discarded	idle	discarded	incomplete	1
approval	sent	streaming	1	submit	approval	sent	streaming	1
approval	sent	streaming	1	delivered	approval	sent	streaming	1
approval	sent	streaming	1	cli:thinking	thinking	sent	streaming	1
approval	sent	streaming	1	cli:text	writing	sent	streaming	1
approval	sent	streaming	1	cli:tool_start	tool	sent	streaming	1
approval	sent	streaming	1	cli:tool_end	waiting	sent	streaming	1
approval	sent	streaming	1	cli:approval	approval	sent	streaming	1
approval	sent	streaming	1	cli:info	approval	sent	streaming	1
approval	sent	streaming	1	cli:error	approval	sent	streaming	1
approval	sent	streaming	1	cli:turn_end_ok	saving	sent	done	1
approval	sent	streaming	1	cli:turn_end_fail	saving	sent	stopped	1
approval	sent	streaming	1	finish:saved	idle	saved	incomplete	1
approval	sent	streaming	1	finish:saved_failed	idle	saved	incomplete	1
approval	sent	streaming	1	finish:unconfirmed	idle	unconfirmed	incomplete	1
approval	sent	streaming	1	finish:discarded	idle	discarded	incomplete	1
approval	sent	done	0	submit	approval	sent	done	0
approval	sent	done	0	delivered	approval	sent	done	0
approval	sent	done	0	cli:thinking	thinking	sent	done	0
approval	sent	done	0	cli:text	writing	sent	done	0
approval	sent	done	0	cli:tool_start	tool	sent	done	0
approval	sent	done	0	cli:tool_end	waiting	sent	done	0
approval	sent	done	0	cli:approval	approval	sent	done	0
approval	sent	done	0	cli:info	approval	sent	done	0
approval	sent	done	0	cli:error	approval	sent	done	1
approval	sent	done	0	cli:turn_end_ok	saving	sent	done	0
approval	sent	done	0	cli:turn_end_fail	saving	sent	done	1
approval	sent	done	0	finish:saved	idle	saved	done	0
approval	sent	done	0	finish:saved_failed	idle	saved	done	1
approval	sent	done	0	finish:unconfirmed	idle	unconfirmed	done	0
approval	sent	done	0	finish:discarded	idle	discarded	done	1
approval	sent	done	1	submit	approval	sent	done	1
approval	sent	done	1	delivered	approval	sent	done	1
approval	sent	done	1	cli:thinking	thinking	sent	done	1
approval	sent	done	1	cli:text	writing	sent	done	1
approval	sent	done	1	cli:tool_start	tool	sent	done	1
approval	sent	done	1	cli:tool_end	waiting	sent	done	1
approval	sent	done	1	cli:approval	approval	sent	done	1
approval	sent	done	1	cli:info	approval	sent	done	1
approval	sent	done	1	cli:error	approval	sent	done	1
approval	sent	done	1	cli:turn_end_ok	saving	sent	done	1
approval	sent	done	1	cli:turn_end_fail	saving	sent	done	1
approval	sent	done	1	finish:saved	idle	saved	done	1
approval	sent	done	1	finish:saved_failed	idle	saved	done	1
approval	sent	done	1	finish:unconfirmed	idle	unconfirmed	done	1
approval	sent	done	1	finish:discarded	idle	discarded	done	1
approval	sent	stopped	0	submit	approval	sent	stopped	0
approval	sent	stopped	0	delivered	approval	sent	stopped	0
approval	sent	stopped	0	cli:thinking	thinking	sent	stopped	0
approval	sent	stopped	0	cli:text	writing	sent	stopped	0
approval	sent	stopped	0	cli:tool_start	tool	sent	stopped	0
approval	sent	stopped	0	cli:tool_end	waiting	sent	stopped	0
approval	sent	stopped	0	cli:approval	approval	sent	stopped	0
approval	sent	stopped	0	cli:info	approval	sent	stopped	0
approval	sent	stopped	0	cli:error	approval	sent	stopped	1
approval	sent	stopped	0	cli:turn_end_ok	saving	sent	stopped	0
approval	sent	stopped	0	cli:turn_end_fail	saving	sent	stopped	1
approval	sent	stopped	0	finish:saved	idle	saved	stopped	0
approval	sent	stopped	0	finish:saved_failed	idle	saved	stopped	1
approval	sent	stopped	0	finish:unconfirmed	idle	unconfirmed	stopped	0
approval	sent	stopped	0	finish:discarded	idle	discarded	stopped	1
approval	sent	stopped	1	submit	approval	sent	stopped	1
approval	sent	stopped	1	delivered	approval	sent	stopped	1
approval	sent	stopped	1	cli:thinking	thinking	sent	stopped	1
approval	sent	stopped	1	cli:text	writing	sent	stopped	1
approval	sent	stopped	1	cli:tool_start	tool	sent	stopped	1
approval	sent	stopped	1	cli:tool_end	waiting	sent	stopped	1
approval	sent	stopped	1	cli:approval	approval	sent	stopped	1
approval	sent	stopped	1	cli:info	approval	sent	stopped	1
approval	sent	stopped	1	cli:error	approval	sent	stopped	1
approval	sent	stopped	1	cli:turn_end_ok	saving	sent	stopped	1
approval	sent	stopped	1	cli:turn_end_fail	saving	sent	stopped	1
approval	sent	stopped	1	finish:saved	idle	saved	stopped	1
approval	sent	stopped	1	finish:saved_failed	idle	saved	stopped	1
approval	sent	stopped	1	finish:unconfirmed	idle	unconfirmed	stopped	1
approval	sent	stopped	1	finish:discarded	idle	discarded	stopped	1
approval	sent	incomplete	0	submit	approval	sent	incomplete	0
approval	sent	incomplete	0	delivered	approval	sent	incomplete	0
approval	sent	incomplete	0	cli:thinking	thinking	sent	incomplete	0
approval	sent	incomplete	0	cli:text	writing	sent	incomplete	0
approval	sent	incomplete	0	cli:tool_start	tool	sent	incomplete	0
approval	sent	incomplete	0	cli:tool_end	waiting	sent	incomplete	0
approval	sent	incomplete	0	cli:approval	approval	sent	incomplete	0
approval	sent	incomplete	0	cli:info	approval	sent	incomplete	0
approval	sent	incomplete	0	cli:error	approval	sent	incomplete	1
approval	sent	incomplete	0	cli:turn_end_ok	saving	sent	incomplete	0
approval	sent	incomplete	0	cli:turn_end_fail	saving	sent	incomplete	1
approval	sent	incomplete	0	finish:saved	idle	saved	incomplete	0
approval	sent	incomplete	0	finish:saved_failed	idle	saved	incomplete	1
approval	sent	incomplete	0	finish:unconfirmed	idle	unconfirmed	incomplete	0
approval	sent	incomplete	0	finish:discarded	idle	discarded	incomplete	1
approval	sent	incomplete	1	submit	approval	sent	incomplete	1
approval	sent	incomplete	1	delivered	approval	sent	incomplete	1
approval	sent	incomplete	1	cli:thinking	thinking	sent	incomplete	1
approval	sent	incomplete	1	cli:text	writing	sent	incomplete	1
approval	sent	incomplete	1	cli:tool_start	tool	sent	incomplete	1
approval	sent	incomplete	1	cli:tool_end	waiting	sent	incomplete	1
approval	sent	incomplete	1	cli:approval	approval	sent	incomplete	1
approval	sent	incomplete	1	cli:info	approval	sent	incomplete	1
approval	sent	incomplete	1	cli:error	approval	sent	incomplete	1
approval	sent	incomplete	1	cli:turn_end_ok	saving	sent	incomplete	1
approval	sent	incomplete	1	cli:turn_end_fail	saving	sent	incomplete	1
approval	sent	incomplete	1	finish:saved	idle	saved	incomplete	1
approval	sent	incomplete	1	finish:saved_failed	idle	saved	incomplete	1
approval	sent	incomplete	1	finish:unconfirmed	idle	unconfirmed	incomplete	1
approval	sent	incomplete	1	finish:discarded	idle	discarded	incomplete	1
saving	sent	absent	0	submit	saving	sent	absent	0
saving	sent	absent	0	delivered	saving	sent	absent	0
saving	sent	absent	0	cli:thinking	saving	sent	absent	0
saving	sent	absent	0	cli:text	saving	sent	absent	0
saving	sent	absent	0	cli:tool_start	saving	sent	absent	0
saving	sent	absent	0	cli:tool_end	saving	sent	absent	0
saving	sent	absent	0	cli:approval	saving	sent	absent	0
saving	sent	absent	0	cli:info	saving	sent	absent	0
saving	sent	absent	0	cli:error	saving	sent	absent	0
saving	sent	absent	0	cli:turn_end_ok	saving	sent	absent	0
saving	sent	absent	0	cli:turn_end_fail	saving	sent	absent	0
saving	sent	absent	0	finish:saved	idle	saved	absent	0
saving	sent	absent	0	finish:saved_failed	idle	saved	absent	1
saving	sent	absent	0	finish:unconfirmed	idle	unconfirmed	absent	0
saving	sent	absent	0	finish:discarded	idle	discarded	absent	1
saving	sent	absent	1	submit	saving	sent	absent	1
saving	sent	absent	1	delivered	saving	sent	absent	1
saving	sent	absent	1	cli:thinking	saving	sent	absent	1
saving	sent	absent	1	cli:text	saving	sent	absent	1
saving	sent	absent	1	cli:tool_start	saving	sent	absent	1
saving	sent	absent	1	cli:tool_end	saving	sent	absent	1
saving	sent	absent	1	cli:approval	saving	sent	absent	1
saving	sent	absent	1	cli:info	saving	sent	absent	1
saving	sent	absent	1	cli:error	saving	sent	absent	1
saving	sent	absent	1	cli:turn_end_ok	saving	sent	absent	1
saving	sent	absent	1	cli:turn_end_fail	saving	sent	absent	1
saving	sent	absent	1	finish:saved	idle	saved	absent	1
saving	sent	absent	1	finish:saved_failed	idle	saved	absent	1
saving	sent	absent	1	finish:unconfirmed	idle	unconfirmed	absent	1
saving	sent	absent	1	finish:discarded	idle	discarded	absent	1
saving	sent	streaming	0	submit	saving	sent	streaming	0
saving	sent	streaming	0	delivered	saving	sent	streaming	0
saving	sent	streaming	0	cli:thinking	saving	sent	streaming	0
saving	sent	streaming	0	cli:text	saving	sent	streaming	0
saving	sent	streaming	0	cli:tool_start	saving	sent	streaming	0
saving	sent	streaming	0	cli:tool_end	saving	sent	streaming	0
saving	sent	streaming	0	cli:approval	saving	sent	streaming	0
saving	sent	streaming	0	cli:info	saving	sent	streaming	0
saving	sent	streaming	0	cli:error	saving	sent	streaming	0
saving	sent	streaming	0	cli:turn_end_ok	saving	sent	streaming	0
saving	sent	streaming	0	cli:turn_end_fail	saving	sent	streaming	0
saving	sent	streaming	0	finish:saved	idle	saved	incomplete	0
saving	sent	streaming	0	finish:saved_failed	idle	saved	incomplete	1
saving	sent	streaming	0	finish:unconfirmed	idle	unconfirmed	incomplete	0
saving	sent	streaming	0	finish:discarded	idle	discarded	incomplete	1
saving	sent	streaming	1	submit	saving	sent	streaming	1
saving	sent	streaming	1	delivered	saving	sent	streaming	1
saving	sent	streaming	1	cli:thinking	saving	sent	streaming	1
saving	sent	streaming	1	cli:text	saving	sent	streaming	1
saving	sent	streaming	1	cli:tool_start	saving	sent	streaming	1
saving	sent	streaming	1	cli:tool_end	saving	sent	streaming	1
saving	sent	streaming	1	cli:approval	saving	sent	streaming	1
saving	sent	streaming	1	cli:info	saving	sent	streaming	1
saving	sent	streaming	1	cli:error	saving	sent	streaming	1
saving	sent	streaming	1	cli:turn_end_ok	saving	sent	streaming	1
saving	sent	streaming	1	cli:turn_end_fail	saving	sent	streaming	1
saving	sent	streaming	1	finish:saved	idle	saved	incomplete	1
saving	sent	streaming	1	finish:saved_failed	idle	saved	incomplete	1
saving	sent	streaming	1	finish:unconfirmed	idle	unconfirmed	incomplete	1
saving	sent	streaming	1	finish:discarded	idle	discarded	incomplete	1
saving	sent	done	0	submit	saving	sent	done	0
saving	sent	done	0	delivered	saving	sent	done	0
saving	sent	done	0	cli:thinking	saving	sent	done	0
saving	sent	done	0	cli:text	saving	sent	done	0
saving	sent	done	0	cli:tool_start	saving	sent	done	0
saving	sent	done	0	cli:tool_end	saving	sent	done	0
saving	sent	done	0	cli:approval	saving	sent	done	0
saving	sent	done	0	cli:info	saving	sent	done	0
saving	sent	done	0	cli:error	saving	sent	done	0
saving	sent	done	0	cli:turn_end_ok	saving	sent	done	0
saving	sent	done	0	cli:turn_end_fail	saving	sent	done	0
saving	sent	done	0	finish:saved	idle	saved	done	0
saving	sent	done	0	finish:saved_failed	idle	saved	done	1
saving	sent	done	0	finish:unconfirmed	idle	unconfirmed	done	0
saving	sent	done	0	finish:discarded	idle	discarded	done	1
saving	sent	done	1	submit	saving	sent	done	1
saving	sent	done	1	delivered	saving	sent	done	1
saving	sent	done	1	cli:thinking	saving	sent	done	1
saving	sent	done	1	cli:text	saving	sent	done	1
saving	sent	done	1	cli:tool_start	saving	sent	done	1
saving	sent	done	1	cli:tool_end	saving	sent	done	1
saving	sent	done	1	cli:approval	saving	sent	done	1
saving	sent	done	1	cli:info	saving	sent	done	1
saving	sent	done	1	cli:error	saving	sent	done	1
saving	sent	done	1	cli:turn_end_ok	saving	sent	done	1
saving	sent	done	1	cli:turn_end_fail	saving	sent	done	1
saving	sent	done	1	finish:saved	idle	saved	done	1
saving	sent	done	1	finish:saved_failed	idle	saved	done	1
saving	sent	done	1	finish:unconfirmed	idle	unconfirmed	done	1
saving	sent	done	1	finish:discarded	idle	discarded	done	1
saving	sent	stopped	0	submit	saving	sent	stopped	0
saving	sent	stopped	0	delivered	saving	sent	stopped	0
saving	sent	stopped	0	cli:thinking	saving	sent	stopped	0
saving	sent	stopped	0	cli:text	saving	sent	stopped	0
saving	sent	stopped	0	cli:tool_start	saving	sent	stopped	0
saving	sent	stopped	0	cli:tool_end	saving	sent	stopped	0
saving	sent	stopped	0	cli:approval	saving	sent	stopped	0
saving	sent	stopped	0	cli:info	saving	sent	stopped	0
saving	sent	stopped	0	cli:error	saving	sent	stopped	0
saving	sent	stopped	0	cli:turn_end_ok	saving	sent	stopped	0
saving	sent	stopped	0	cli:turn_end_fail	saving	sent	stopped	0
saving	sent	stopped	0	finish:saved	idle	saved	stopped	0
saving	sent	stopped	0	finish:saved_failed	idle	saved	stopped	1
saving	sent	stopped	0	finish:unconfirmed	idle	unconfirmed	stopped	0
saving	sent	stopped	0	finish:discarded	idle	discarded	stopped	1
saving	sent	stopped	1	submit	saving	sent	stopped	1
saving	sent	stopped	1	delivered	saving	sent	stopped	1
saving	sent	stopped	1	cli:thinking	saving	sent	stopped	1
saving	sent	stopped	1	cli:text	saving	sent	stopped	1
saving	sent	stopped	1	cli:tool_start	saving	sent	stopped	1
saving	sent	stopped	1	cli:tool_end	saving	sent	stopped	1
saving	sent	stopped	1	cli:approval	saving	sent	stopped	1
saving	sent	stopped	1	cli:info	saving	sent	stopped	1
saving	sent	stopped	1	cli:error	saving	sent	stopped	1
saving	sent	stopped	1	cli:turn_end_ok	saving	sent	stopped	1
saving	sent	stopped	1	cli:turn_end_fail	saving	sent	stopped	1
saving	sent	stopped	1	finish:saved	idle	saved	stopped	1
saving	sent	stopped	1	finish:saved_failed	idle	saved	stopped	1
saving	sent	stopped	1	finish:unconfirmed	idle	unconfirmed	stopped	1
saving	sent	stopped	1	finish:discarded	idle	discarded	stopped	1
saving	sent	incomplete	0	submit	saving	sent	incomplete	0
saving	sent	incomplete	0	delivered	saving	sent	incomplete	0
saving	sent	incomplete	0	cli:thinking	saving	sent	incomplete	0
saving	sent	incomplete	0	cli:text	saving	sent	incomplete	0
saving	sent	incomplete	0	cli:tool_start	saving	sent	incomplete	0
saving	sent	incomplete	0	cli:tool_end	saving	sent	incomplete	0
saving	sent	incomplete	0	cli:approval	saving	sent	incomplete	0
saving	sent	incomplete	0	cli:info	saving	sent	incomplete	0
saving	sent	incomplete	0	cli:error	saving	sent	incomplete	0
saving	sent	incomplete	0	cli:turn_end_ok	saving	sent	incomplete	0
saving	sent	incomplete	0	cli:turn_end_fail	saving	sent	incomplete	0
saving	sent	incomplete	0	finish:saved	idle	saved	incomplete	0
saving	sent	incomplete	0	finish:saved_failed	idle	saved	incomplete	1
saving	sent	incomplete	0	finish:unconfirmed	idle	unconfirmed	incomplete	0
saving	sent	incomplete	0	finish:discarded	idle	discarded	incomplete	1
saving	sent	incomplete	1	submit	saving	sent	incomplete	1
saving	sent	incomplete	1	delivered	saving	sent	incomplete	1
saving	sent	incomplete	1	cli:thinking	saving	sent	incomplete	1
saving	sent	incomplete	1	cli:text	saving	sent	incomplete	1
saving	sent	incomplete	1	cli:tool_start	saving	sent	incomplete	1
saving	sent	incomplete	1	cli:tool_end	saving	sent	incomplete	1
saving	sent	incomplete	1	cli:approval	saving	sent	incomplete	1
saving	sent	incomplete	1	cli:info	saving	sent	incomplete	1
saving	sent	incomplete	1	cli:error	saving	sent	incomplete	1
saving	sent	incomplete	1	cli:turn_end_ok	saving	sent	incomplete	1
saving	sent	incomplete	1	cli:turn_end_fail	saving	sent	incomplete	1
saving	sent	incomplete	1	finish:saved	idle	saved	incomplete	1
saving	sent	incomplete	1	finish:saved_failed	idle	saved	incomplete	1
saving	sent	incomplete	1	finish:unconfirmed	idle	unconfirmed	incomplete	1
saving	sent	incomplete	1	finish:discarded	idle	discarded	incomplete	1
